frame,cell_id,centroid_x,centroid_y,area,perimeter,circularity,aspect_ratio,eccentricity,solidity,bbox_min_y,bbox_min_x,bbox_max_y,bbox_max_x,nn_distance
0,1,886.0331467929402,12.993973310374516,2323.0,216.5685424949238,0.6223981976335272,2.9680711538290128,0.9415335834153018,0.9834885690093141,0,842,30,933,66.76027127843098
0,2,926.4331065759637,66.14260519022424,3969.0,249.03657992645924,0.8042011244744017,1.656662471457427,0.7972696916699668,0.9783090953906828,26,891,107,962,66.76027127843098
0,3,979.5717714834374,170.09457513202113,4166.0,249.9655121145938,0.8378551505451673,1.2377831794808516,0.5893251708979014,0.9636826278047652,137,943,208,1022,116.7464336197428
0,4,773.8077367205543,444.4484988452656,8660.0,435.1198410471445,0.5747910295629747,2.631424170995194,0.9249773038961824,0.876252150156835,369,736,538,813,66.56860942787446
0,5,596.2906976744187,420.47886971742935,7998.0,341.8061325481598,0.8602636314575298,1.104185374040144,0.4240366415768736,0.9757228254239356,371,545,476,646,113.3753599886279
0,6,707.2423208191126,443.7964505119454,7325.0,328.35028842544403,0.8537735355323404,1.2021214103176616,0.5549814374514975,0.9817718804449805,394,662,496,750,66.56860942787446
0,7,362.5968634686347,446.02583025830256,1084.0,120.32590180780451,0.9408510971303112,1.1426195259176153,0.48379389321333766,0.9801084990958409,428,345,465,381,104.94061256210563
0,8,447.05589955280357,508.30908152734776,5814.0,310.8772003600252,0.755974501138771,1.8504596999130627,0.841404229540314,0.9797775530839231,457,403,563,489,100.35285017613724
0,9,257.50121654501214,560.3106244931063,4932.0,266.76450198781714,0.8709171762320732,1.1693462060165853,0.5183332371325637,0.9807118711473454,521,219,605,296,119.73542327117791
0,10,722.9413656967392,571.0780815908759,6839.0,329.7056274847714,0.7905871444116626,1.5701595787447962,0.7709646476360028,0.9768604485073561,529,669,614,783,121.70082490064492
0,11,375.77706438380596,578.9491706795078,5607.0,282.5929291125633,0.8823031671436963,1.3144101421189525,0.6489892959261889,0.9864532019704434,540,330,616,426,100.35285017613724
0,12,570.8124409448819,614.5911811023622,6350.0,328.2914139223983,0.740396812657661,1.6121670165418729,0.7843779962654751,0.9773741726950901,566,516,655,624,69.9918647659646
0,13,1001.7790224032586,603.2881873727088,1964.0,190.99494936611666,0.6765619689389651,1.9846376683771485,0.8637793174649437,0.9722772277227723,575,971,639,1024,246.81945045646998
0,14,627.2891003171424,655.9342346853614,5991.0,344.492424049175,0.634380511270534,2.5430947433013835,0.919443694017825,0.9755740107474352,591,596,727,663,68.2839784982312
0,15,687.7909595300262,687.5921997389034,6128.0,307.73506473629425,0.8131574616927386,1.1117273420548872,0.4369184338351769,0.9764181007010835,639,634,727,733,68.2839784982312
0,16,557.9645111755673,688.059034294489,5861.0,315.7228714274745,0.7388724907674425,1.2845498145742444,0.6276658768830734,0.949303530936184,649,506,737,599,74.58280466714261
0,17,229.89193754799078,841.2867673406706,19535.0,601.9554108468271,0.6774771227539247,1.231990827875511,0.5840824210554622,0.9245149077141505,734,140,925,309,129.9792974973285
0,18,829.0650406504066,811.1687692738997,3567.0,237.37972567696687,0.7954735178747726,1.7066973836286652,0.810363871453418,0.9821035242290749,769,801,859,856,53.098978386172895
0,19,879.033747300216,829.1306695464363,3704.0,240.20815280171308,0.8066875512549901,1.5795504460578476,0.7740769480753643,0.9755069791941006,792,846,869,915,53.098978386172895
0,20,479.2837778749453,842.5751348199971,6861.0,346.6345596729059,0.7175523042902311,1.2370210487231061,0.5886422133010083,0.9553049289891395,798,429,899,534,123.36777073060686
0,21,950.056080860776,844.6273231170525,3067.0,210.89444430272832,0.8665494718396007,1.401930980761684,0.7008569271042898,0.98081228014071,814,915,875,984,72.6933156230691
0,22,751.1317427385892,858.1020746887967,4820.0,267.6639969244288,0.8454286956171496,1.3198083456148042,0.6526195499096545,0.980272523896685,819,709,893,801,90.97435946781974
0,23,547.4920549420954,945.3722057635335,3713.0,325.3797256769669,0.4407109446072603,3.869569966994758,0.9660308830667609,0.9012135922330097,885,527,1024,575,123.36777073060686
0,24,181.6146745185421,961.9678497533025,6283.0,397.1614716074871,0.5005445087557324,3.2434738627310384,0.9512854852503456,0.8398609811522524,888,129,1024,232,129.9792974973285
0,25,821.7566685584563,936.394438138479,7048.0,341.8061325481597,0.7580817797590238,1.1984310475084432,0.5511225551014098,0.9565689467969598,890,776,1000,872,69.75201826007957
0,26,918.0871508379888,928.4731843575419,3580.0,223.4386001800126,0.9011072562159249,1.081601974192525,0.38104977290084907,0.9843277426450371,898,885,963,951,89.73372238997592
0,27,731.6309250995055,957.9417440598239,8291.0,409.41630560342617,0.6215649390486051,2.114669734019879,0.8811230377417394,0.9422661666098421,901,662,1023,794,73.6284135179495
0,28,669.27969850893,997.1012616745862,6103.0,369.66399692442883,0.5612274753449022,2.025230404869108,0.8695919848741307,0.9327525599877732,953,612,1024,758,73.6284135179495
0,29,854.726007538417,997.862858799652,3449.0,229.5512985522207,0.8225144769465808,1.4689136223521357,0.7324923853936844,0.9773306885803343,965,814,1024,895,69.75201826007957
1,1,882.2314709236032,13.056252375522615,2631.0,240.3259018078045,0.5724394434496121,3.5559295575215977,0.9596432024212923,0.9694178334561533,0,833,30,935,71.42315595522932
1,2,925.8056260575296,69.64741962774957,4728.0,276.048773235279,0.7796787341836025,1.7200000904276842,0.8136212164716459,0.9792874896437448,25,883,114,968,71.42315595522932
1,3,980.3989249824725,168.54428604814208,4279.0,248.20815280171308,0.8728107075469147,1.1788094660369537,0.5294942706411665,0.9769406392694064,135,943,207,1022,112.9646779983953
1,4,774.2164634146342,446.96775328330205,8528.0,420.2497833620557,0.6067950917973354,2.686144303453761,0.9281201388553858,0.9328374535112667,369,744,536,811,75.18627180457685
1,5,597.8975455046883,419.5301985659128,7252.0,331.4629867976521,0.8294640741509786,1.136715606386303,0.4754781726289709,0.9706866550662562,373,546,473,647,103.8572383893435
1,6,699.1561531962827,442.6174317093776,7102.0,319.22034611053283,0.8758089998572686,1.066993280118303,0.3487574304133644,0.9846111188132538,394,648,493,743,75.18627180457685
1,7,369.67012987012987,452.3151515151515,1155.0,125.39696961966999,0.9230341424158047,1.0722613154764122,0.36088975513240473,0.9738617200674536,433,351,471,390,92.25609342447927
1,8,444.23566196176523,506.63980703948545,5597.0,311.50461735799473,0.7248300565719572,2.105545773926252,0.8800202070317305,0.9833099086437105,459,392,560,488,92.25609342447927
1,9,256.61455417832866,559.3366653338664,5002.0,270.1076477383248,0.8615486172690179,1.1568232398051346,0.5027423644299472,0.9798237022526934,520,216,603,296,121.24930043546216
1,10,732.038497033619,571.6739617666447,7585.0,348.6761902332485,0.7840086693060504,1.6838840464589495,0.8045646152894939,0.9758137141386852,528,673,614,796,126.22151602116143
1,11,376.271119133574,578.9249097472924,5540.0,283.4213562373095,0.8666714394723896,1.3561972713710349,0.675504508906954,0.9855897527130404,539,332,617,427,99.21852223916278
1,12,1001.3359621451104,600.5867507886435,1902.0,184.75230867899737,0.7002298631657057,2.0303871704920806,0.8703028787690927,0.9723926380368099,573,972,635,1024,248.11727237270338
1,13,566.0158079625293,625.5792349726776,5124.0,300.5929291125633,0.7126256732108405,1.999518934036843,0.8659559400473005,0.9737742303306728,588,509,658,619,71.11332907194193
1,14,627.0325103511732,662.1041251341819,6521.0,358.73506473629425,0.636760926637662,2.583281964525212,0.9220358604895614,0.9547584187408492,593,596,735,665,63.65546022010404
1,15,684.8466129032258,688.7414516129032,6200.0,314.2436867076458,0.7889844266068717,1.0298875607918192,0.23916158043453428,0.9779179810725552,641,636,728,731,63.65546022010404
1,16,549.4285150598448,694.7481257398396,7603.0,350.69343417595167,0.7768543191476539,1.3013805196461972,0.6399521515140937,0.9659509592173803,653,488,744,598,71.12997775761662
1,17,234.08032470735972,837.0491994438713,22297.0,646.3818177180199,0.6706223679729657,1.2587977485763668,0.6073834618281228,0.9100816326530612,725,131,924,320,135.13740058267703
1,18,828.4378138847858,811.3539143279173,3385.0,228.69343417595167,0.8133194247266522,1.458767656672493,0.728063092921151,0.9780410286044496,772,798,856,856,51.806822336307555
1,19,876.9339280735991,829.5768051296347,3587.0,235.7228714274745,0.8112184045678091,1.545898158919361,0.7625976249307002,0.9741988049972841,792,843,869,909,51.806822336307555
1,20,475.7943028914973,850.0350701402806,6986.0,389.12593770155434,0.5797731313999016,1.292349819151657,0.6334491749729876,0.9128446360904221,801,430,932,523,123.14104606568777
1,21,951.0966973101805,843.5645216207014,2937.0,206.3086578651014,0.8671194004228255,1.4827498740552036,0.7383455691900312,0.9803070761014686,813,917,874,984,75.47034221118177
1,22,752.9316449471355,857.6641258913204,4067.0,247.03657992645927,0.8374550468006257,1.3344757809177346,0.662165162671466,0.9776442307692308,822,714,889,798,88.57661792306214
1,23,183.45643410852713,962.3462015503876,6450.0,435.5168106668145,0.4273264080891401,3.3573191943475384,0.9546105955400958,0.7544742075096502,887,126,1024,241,135.13740058267703
1,24,821.8742245657568,936.3959367245658,6448.0,327.8061325481598,0.7540510425958805,1.2057574965419473,0.5587232511599273,0.956818519068111,892,779,995,873,68.82210244525768
1,25,920.1921207469941,927.6630851880276,3909.0,232.75230867899737,0.9067499483992204,1.0642863578581685,0.342283438881652,0.9858764186633039,895,885,964,954,89.59721673488222
1,26,548.591003255401,949.3545427641315,3379.0,306.3086578651014,0.4525634860026251,3.4646901520739255,0.9574418914214502,0.8833986928104575,898,528,1024,577,123.14104606568777
1,27,732.9030590262818,961.7391928766336,6963.0,383.445742854949,0.5951116035981058,2.244553558072339,0.8952705455354181,0.939042481456507,915,662,1023,793,73.96138267259812
1,28,853.4544138929089,997.5447178002894,3455.0,230.48023074035524,0.8173170440050685,1.315434043060986,0.6496828630090871,0.9696884647768734,964,812,1024,891,68.82210244525768
1,29,671.4847064076803,1002.9468631390936,4479.0,327.37972567696687,0.5251548316792182,2.6615776703161074,0.9267344439347618,0.9541968470387729,972,618,1024,748,73.96138267259812
1,30,372.3676268861454,1012.7407407407408,729.0,167.53910524340094,0.32636607527629097,2.558800471552656,0.9204721689841393,0.7063953488372093,997,344,1023,401,187.27650272500878
2,1,883.6979722518677,13.398790466026325,2811.0,249.1543289325507,0.5690282595004391,3.4465747591041476,0.956983261169343,0.9736750952545895,0,831,30,937,72.25538211090256
2,2,924.6314928425357,72.94110429447852,4890.0,276.63455967290594,0.8029820792049907,1.727275838552457,0.8153656554532839,0.9811396468699839,26,882,117,965,72.25538211090256
2,3,981.0841330060255,169.627092166927,4481.0,260.16652224137044,0.8319208036877394,1.3078111789319826,0.6444619561369279,0.9739187133231906,138,940,206,1024,111.96017520663189
2,4,773.1690021744382,448.5488040589514,8278.0,421.76450198781714,0.5847836712165078,2.9244508076359366,0.9397201329810609,0.930844484425953,367,744,538,808,82.0215848065017
2,5,594.7904498816101,420.4959221257564,7602.0,339.43354954612926,0.8291406313698798,1.1338255678668385,0.4713057721090051,0.9764932562620424,374,539,474,647,98.76426257429617
2,6,691.5777166437414,440.1581843191197,7270.0,326.97770542341357,0.8544919805927544,1.061956556865088,0.33657096040813916,0.9821669818967846,390,640,489,739,82.0215848065017
2,7,447.2555316232622,507.9537889171725,5107.0,293.4629867976521,0.7451934949369803,1.9579324335931385,0.8597335265092642,0.9859073359073359,465,399,559,488,99.97246645323023
2,8,258.5201100762066,558.4578746824725,4724.0,263.35028842544403,0.8559574106382755,1.184389614755872,0.5358443913945823,0.9786616946343485,519,221,602,296,119.94299804419309
2,9,719.830388048825,569.902532337402,5489.0,299.66399692442883,0.7681286414840288,1.6200411457473587,0.7867527434452387,0.9679068947275613,534,665,608,772,132.55842155035302
2,10,376.72467001301357,578.8049823387247,5379.0,280.97770542341357,0.8561851385535072,1.3951344366479876,0.6973026717082265,0.9828247761739448,538,333,619,426,99.97246645323023
2,11,565.7353643966547,627.020708880924,5022.0,294.2081528017131,0.7290833254963347,1.8022086071263372,0.8319339173290372,0.9781846513439812,591,512,659,617,61.936290282455914
2,12,618.6536259541984,659.2039599236641,4192.0,321.9066376115481,0.5083598869131224,3.326148395185774,0.9537351599254238,0.876804015896256,595,594,724,654,61.936290282455914
2,13,552.3750529735838,698.5870885718322,7079.0,332.7228714274745,0.8035565872180114,1.1345713786529719,0.47238910013659,0.9561048082117775,656,502,748,600,72.80277895372318
2,14,232.902546674317,840.6304453369819,22657.0,700.5533905932737,0.5801359649955996,1.3397161506565896,0.6654675619219705,0.866822251128625,729,119,927,319,138.95047592438803
2,15,469.6235553109521,865.8840121078701,7268.0,425.5462479183374,0.50434910136652,2.0932984826149137,0.8785148931000645,0.8711494666187223,803,430,962,514,115.2347099322362
2,16,876.7447936387732,836.6421809920485,2641.0,195.6812408671319,0.8667221147002602,1.3594481844638453,0.677424204926406,0.978510559466469,806,849,868,905,74.98161224470638
2,17,753.4142924976259,855.6661918328585,4212.0,256.5929291125633,0.8039126409499163,1.2632217010532318,0.611005074571774,0.9671641791044776,816,714,889,800,107.16706528691822
2,18,951.2133027522935,845.3990825688073,2616.0,194.40916292848976,0.8697894648046254,1.3733008242963722,0.6853938271846668,0.9768483943241225,818,919,873,984,74.98161224470638
2,19,825.2905866302865,935.1556768227982,6597.0,343.56349186104046,0.7023317986155114,1.127020125384915,0.4612011661378922,0.9588662790697674,890,782,992,884,66.52388784177904
2,20,921.4594315245478,927.0826873385013,3870.0,233.23759005323592,0.8939716330729465,1.1251331457575662,0.45832688668151716,0.981237322515213,894,887,964,957,86.9339067407467
2,21,548.3110856488112,950.0701804640504,3491.0,305.8233764908628,0.46904915190654095,3.3505869292151633,0.9544236533093904,0.8867157734315468,901,529,1024,577,115.2347099322362
2,22,189.06803472770324,972.4855564325178,6335.0,406.5756851698602,0.48158580583818295,2.3605820247812854,0.9058379652962716,0.768530874681548,903,130,1024,243,138.95047592438803
2,23,732.6062702384456,961.834854283191,6794.0,370.71782079359116,0.6212243631218877,2.1821362015051187,0.888814818284995,0.951407365915138,916,668,1022,790,73.55836670088875
2,24,669.697316495659,999.9569850039463,5068.0,340.7645019878171,0.5484509280564851,2.242630480246848,0.8950803250856836,0.9224608663997088,959,616,1024,751,73.55836670088875
2,25,850.2452031602709,996.8216704288939,3544.0,238.79393923933998,0.7810106885138599,1.32100356239418,0.6534146098959263,0.9683060109289617,962,805,1024,888,66.52388784177904
3,1,877.9155714854639,12.907606531262445,2511.0,237.1543289325507,0.5610408239418807,3.575209710037865,0.960086321040398,0.9429215170859933,0,831,30,930,77.89522370434949
3,2,927.3838114754099,73.07868852459016,4880.0,281.1198410471445,0.7759731404604544,1.697667189093415,0.8081012512113063,0.9742463565581952,30,883,116,975,77.89522370434949
3,3,980.7992807372443,168.36300292200494,4449.0,256.8944443027283,0.8471549356941892,1.2535296594738963,0.6029918073544239,0.9745892661555312,136,942,206,1024,109.23512679833061
3,4,772.6407215221152,449.8747220163084,8094.0,424.492424049175,0.5644600066701901,3.0710721705748103,0.9455010047692981,0.9192504258943782,366,743,541,807,81.21319604203948
3,5,599.4914611005693,415.4262549594618,5797.0,292.49242404917493,0.8514985659803634,1.2075403643592042,0.560536577214726,0.9810458622440346,373,556,465,643,95.52024646837278
3,6,692.2916610169492,438.0589830508475,7375.0,321.66399692442883,0.8957090876741247,1.1742611863099819,0.5241933216339103,0.9879437374413932,387,647,489,738,81.21319604203948
3,7,350.7626648160999,444.2321304649549,2882.0,218.45079348883235,0.7589210298666638,1.6248490026784883,0.788182331048525,0.9415223783077425,402,322,482,376,40.37670432439001
3,8,390.9651070578906,447.97938144329896,1261.0,152.63961030678928,0.6801276849755294,1.498299079387551,0.7446783772584433,0.8793584379358438,427,372,477,409,40.37670432439001
3,9,450.7166000887705,509.8080337328007,4506.0,266.8355697996826,0.7952681842564719,1.7513077046446348,0.8209487485198155,0.9795652173913043,468,411,557,487,85.98269106835052
3,10,257.3572371315442,557.265068191817,4546.0,255.10764773832474,0.8777934559945472,1.1855792106686314,0.5371769410726273,0.9803752426137589,519,219,599,295,121.90856217811499
3,11,715.0621536618241,569.6985172981878,6677.0,327.4629867976521,0.7824683914271072,1.8067567373453333,0.832863835291453,0.9780284165812216,531,656,613,774,126.34833139327556
3,12,377.4441489361702,578.2610474631751,4888.0,268.350288425444,0.8529762293070703,1.5022740031347164,0.7462573649896552,0.9838969404186796,542,334,615,425,100.27296338834824
3,13,572.3623702203089,631.0858445175994,3949.0,254.8944443027283,0.7637940281372617,1.7250201851333677,0.8148275968879878,0.975784531751915,594,530,664,612,61.012852761440485
3,14,626.295870113493,659.6120744010088,6344.0,349.69953083036154,0.6519029390769573,2.3211515166363674,0.902437570939814,0.9329411764705883,594,593,729,665,61.012852761440485
3,15,682.8394501534766,696.4320032029894,7493.0,338.5929291125633,0.8213151383726771,1.237899277308191,0.5894290279536766,0.9753970320229107,641,636,749,728,67.47505910127792
3,16,563.070398277718,695.5470398277718,4645.0,281.96551211459376,0.7341817730873671,1.3344814905854627,0.6621687910153471,0.9262213359920239,660,520,738,606,65.12746305052946
3,17,225.015733456733,857.0210293588359,19449.0,618.98484809835,0.6378919241351239,1.5376477682721021,0.7596398369233414,0.8922378199834847,772,119,925,314,135.19316032775566
3,18,828.5606680299932,812.6891615541922,2934.0,209.3797256769669,0.8410091494882991,1.4260010174737234,0.7129038697555706,0.9796327212020033,777,800,853,855,54.31081330959086
3,19,1015.2931442080378,807.919621749409,423.0,100.76955262170047,0.5234697265135496,1.1865762939866316,0.5382882268879554,0.8026565464895635,791,999,826,1024,67.55105638259856
3,20,880.2871962062834,829.2430349733254,3374.0,225.58073580374355,0.8332031908258726,1.5481357207450408,0.7633897054976676,0.9810991567316081,794,851,868,912,54.31081330959086
3,21,956.5704041720991,841.3080182529335,3068.0,212.89444430272832,0.850621905933052,1.5756191672254711,0.7727823461878208,0.9823887287864234,812,922,872,993,67.55105638259856
3,22,753.4910461828464,853.9217719132894,4244.0,254.8355697996826,0.8212306435108105,1.300740216999615,0.6394976872518237,0.9805914972273567,813,716,888,800,85.64797885121834
3,23,461.140231092437,878.2218137254902,5712.0,362.0904037956216,0.5474746724153468,2.2667987696835135,0.897433009731903,0.8813454713778738,822,419,954,502,113.81992388356775
3,24,823.7746170678337,935.72647702407,6398.0,330.8355697996826,0.7345641120927972,1.083174384014124,0.3842901288801035,0.9428234600648394,891,783,995,874,66.14955620612676
3,25,920.6051990251827,927.1567831031682,3693.0,225.8233764908628,0.9100209245478201,1.063477409018401,0.3403150740387943,0.9848,896,887,963,956,93.07795876345094
3,26,547.771339563863,952.0461059190031,3210.0,289.3380951166243,0.4818408991497885,3.1728962408326313,0.9490354105416872,0.8914190502638156,906,530,1023,576,113.81992388356775
3,27,731.68784,962.5696,6250.0,355.3330444827409,0.6220405368299246,2.100893973707439,0.8794518572385319,0.9428269723940262,920,668,1017,786,69.66556140958393
3,28,193.97172342621258,988.6016511867905,4845.0,292.69343417595167,0.7106858766822602,1.2508134073210995,0.6006930304147702,0.937862950058072,932,154,1024,237,135.19316032775566
3,29,849.9141557703241,996.4923251847641,3518.0,235.86500705120545,0.7946550940477883,1.340329725489016,0.665850632691074,0.9715548191107429,963,804,1024,888,66.14955620612676
3,30,679.7295754548697,1008.9768105601141,2803.0,269.3675323681472,0.4854477205685516,3.2164038340810546,0.9504405895451108,0.9556767814524377,988,632,1024,743,69.66556140958393
4,1,874.3841853035144,12.463658146964857,2504.0,244.22539674441617,0.5275486803356114,3.5311012181807895,0.9590615316884289,0.975457732761979,0,828,31,934,76.67079227915362
4,2,922.5496134020618,72.11683848797252,4656.0,272.3919189857866,0.7885593709692135,1.7751382546155938,0.8262276299763751,0.9767149150409062,29,880,116,964,76.67079227915362
4,3,977.2128094481036,168.5232795821031,4403.0,249.6223663640862,0.8879562280892436,1.160948928463265,0.5079876819019903,0.9834710743801653,136,939,206,1021,110.8253891777695
4,4,773.5009837678308,450.4235120511559,8132.0,412.0071426749364,0.6020017360579546,2.9007743079678443,0.9386998491854857,0.9271462775054156,368,744,536,807,74.40534181895534
4,5,599.3855132166152,417.64143494679024,5826.0,294.24978336205567,0.8455670299461499,1.156131749718706,0.5018523160785594,0.9770249874224384,375,557,466,642,102.80960210848177
4,6,700.0583180729681,438.49330891674884,7099.0,315.56349186104046,0.895846361254293,1.130161836225523,0.4659158611701269,0.9876182526432944,389,654,490,744,74.40534181895534
4,7,347.2304609218437,440.8840180360721,3992.0,255.6223663640862,0.7677197174955841,1.414889297817992,0.7074443263392752,0.9318394024276377,399,312,480,382,47.9886094748759
4,8,395.18869936034116,439.1769722814499,1876.0,172.22539674441617,0.7947825262013503,1.1538261933420633,0.4988616051739929,0.949873417721519,415,372,462,424,47.9886094748759
4,9,447.28692070030894,508.1859938208033,4855.0,280.3919189857866,0.7760114198488239,1.8721719094058176,0.8453966800641678,0.9843876723438767,465,405,558,486,86.46658152492913
4,10,256.1712384025817,557.2148043565954,4958.0,265.4213562373095,0.8843917008425428,1.1373859028936557,0.47643615961552,0.9827552031714569,516,216,599,296,121.38954697587235
4,11,713.0459506805013,569.2258455733729,7421.0,350.0904037956217,0.7608724904316909,1.9410107909665362,0.8570726982167005,0.9827837372533439,527,649,613,779,124.86513062418673
4,12,375.62474830679116,578.8083470620538,5463.0,281.66399692442883,0.8653232822444269,1.4204627201085651,0.7102039879131407,0.9837925445705025,539,331,618,425,100.6130395599409
4,13,561.2964054213318,630.7032017285405,5091.0,288.69343417595167,0.767607390753289,1.7114909926727437,0.811547918863171,0.9797921478060047,593,511,666,610,68.81983793049108
4,14,624.6995361364657,657.4653598683226,6683.0,346.1198410471445,0.7010166513557862,2.0387525226854772,0.8714434310213317,0.9730634828188701,595,587,728,664,68.81983793049108
4,15,681.2293627319171,696.9014520032267,7438.0,354.048773235279,0.745658289391957,1.2701848042498918,0.6165867009401517,0.9612302920651331,643,624,746,727,68.9262407054415
4,16,559.2317828226703,704.2190823940308,6299.0,319.27922061357856,0.7764976811101328,1.3615633576416557,0.6786629663675512,0.9512231954092419,661,512,750,608,73.54486641838103
4,17,233.45960026522687,839.7958700388368,21114.0,739.1036431249679,0.48570178024845506,1.4347153396874746,0.717068817114401,0.8244435767278406,727,119,923,313,161.84848514184074
4,18,825.6423841059602,806.3686534216336,3624.0,234.30865786510142,0.829509530780431,1.3488923077093722,0.6711196763612403,0.9797242497972425,770,795,850,856,60.36765899817081
4,19,1012.7516733601071,816.3741633199464,1494.0,176.66904755831214,0.6015053937737119,3.072154681674734,0.9455405106407124,0.9583066067992303,780,1000,854,1024,59.56286165180156
4,20,882.4831235697941,826.7005148741418,3496.0,228.75230867899737,0.8395572498313453,1.4720408153781945,0.7338338529042484,0.9820224719101124,791,853,864,916,60.36765899817081
4,21,957.9195652173913,839.6373188405797,2760.0,200.75230867899737,0.8605930792536125,1.5045172570448861,0.7471414891286446,0.979765708200213,811,927,870,990,59.56286165180156
4,22,751.2418615314076,853.101788170564,4362.0,250.35028842544403,0.8745795800827416,1.2027185912207097,0.5556000474808053,0.9817690749493585,814,714,888,795,87.86025064173332
4,23,458.3479229667356,881.6089447716059,6283.0,383.84776310850236,0.5358693229444252,2.6094580419025544,0.9236565415613303,0.8781271837875612,821,419,965,503,113.15501274158257
4,24,824.299570200573,934.1227793696276,6980.0,335.8061325481597,0.7778360021064722,1.019313665307848,0.19374316768359545,0.9565574893791969,889,782,994,880,66.91558673844062
4,25,919.0057388809182,926.0981348637016,3485.0,220.65180361560903,0.8994927826092904,1.0103327701235851,0.14265201819458875,0.9830747531734838,893,887,960,954,94.81433745762989
4,26,546.4105960264901,952.665418946156,3473.0,296.8944443027283,0.49512004098547785,3.0403003706925116,0.9443595758765697,0.8967208882003614,904,528,1024,576,113.15501274158257
4,27,724.0025527964725,959.8384776050127,8618.0,413.26197667087547,0.6341112474735207,1.7437224028380152,0.8192155159952722,0.9374524094419667,920,643,1017,785,67.79416042724753
4,28,196.53617693522907,997.3763033175355,3165.0,249.75840533340724,0.6375927244846791,1.2038341939336414,0.5567513820324058,0.9498799519807923,961,153,1024,234,161.84848514184074
4,29,848.7017101205495,996.430333613681,3567.0,234.79393923933998,0.8130911028912104,1.2563730936278987,0.6053730054031919,0.981292984869326,961,806,1024,887,66.91558673844062
4,30,671.2358783364369,1002.4028553693358,4833.0,350.79393923934,0.49354015879634466,2.693485003744375,0.9285264631528101,0.9432084309133489,964,616,1024,757,67.79416042724753
5,1,875.5139153640869,11.603126191383911,2623.0,257.9827560572969,0.49525263911416556,4.148057738382774,0.9705060705463905,0.974006683995544,0,821,29,935,77.86356243043271
5,2,923.8920008059641,72.61374168849485,4963.0,280.8772003600252,0.7905351116629916,1.6743124528031648,0.8020476228701855,0.9794750345372015,27,876,114,966,77.86356243043271
5,3,978.9529527076697,166.50771869639794,4081.0,241.1370849898476,0.8819590999880783,1.1318812660163513,0.4684596488325875,0.9814814814814815,134,943,203,1020,108.84754173927206
5,4,772.711743772242,457.206278596848,7868.0,413.5929291125633,0.5780002211451577,2.950046745982697,0.9407944158453355,0.9254293107504117,375,744,544,807,71.70329702797312
5,5,598.3179644808744,417.25358606557376,5856.0,291.5218613006979,0.8659018663718034,1.13836103861004,0.47782338424360493,0.9815621857190747,376,555,465,641,107.32630026025855
5,6,703.5987191715493,438.1077803515465,7339.0,327.62236636408613,0.859210678767436,1.1414002523046531,0.48209880250829257,0.9786638218429123,389,659,490,749,71.70329702797312
5,7,344.8384478823231,441.7085975145828,3943.0,246.10764773832477,0.8180623813639756,1.418221812062694,0.7090996096188898,0.9680824944758164,406,308,483,383,58.41884682156954
5,8,403.09452736318406,437.35074626865674,2010.0,179.57463914933368,0.783277978342873,1.2259565668180328,0.5784898488321331,0.9423347398030942,411,376,463,431,58.41884682156954
5,9,445.6236429433052,507.76919983916366,4974.0,280.49242404917493,0.7944624469514755,1.7894017120212495,0.8292714522463602,0.9833926453143536,464,405,557,485,82.2647207209077
5,10,256.1496394230769,556.8104967948718,4992.0,266.5929291125633,0.882647281527486,1.132296101461107,0.46906957844363323,0.9805539186800236,516,216,598,297,121.73837876042724
5,11,708.3658379492464,567.9345613809095,7763.0,359.50461735799473,0.7547975899571105,1.8765060890276775,0.8461749016223622,0.9822852081488043,521,644,612,774,124.832081931143
5,12,375.84100814856924,579.0413113511465,5277.0,273.66399692442883,0.8854450755253749,1.3939898348299775,0.696697179947606,0.9885724990633196,540,333,617,425,99.74632824456253
5,13,555.1841649007898,630.7513003274898,5191.0,300.45079348883235,0.7226269964859742,1.836430838983219,0.8387384263769433,0.9677479492915735,592,501,665,606,67.94574435198106
5,14,620.2827586206896,656.3903119868637,6090.0,334.73506473629425,0.6830063466549844,2.0566235605794696,0.873828724216481,0.9751801441152922,597,584,724,655,69.96560457237602
5,15,684.6977181839567,691.0616325570454,4251.0,313.3269478283311,0.5441335102924246,1.1051713490471895,0.42575801280162207,0.9312157721796276,651,641,729,722,73.15317823319529
5,16,560.1909366704589,698.5123246113008,5274.0,292.8944443027283,0.7725520007188081,1.3227783824602126,0.6545894768985434,0.9559543230016313,658,517,740,606,67.94574435198106
5,17,222.69844589135496,856.2584002661471,21041.0,672.1686142824235,0.5852208362556132,1.6333555376042341,0.7906746336561652,0.860396646902474,748,108,932,315,141.72427197001952
5,18,827.6553191489362,805.4790273556231,3290.0,218.45079348883237,0.8663602318741578,1.3228322716250414,0.654625042718883,0.9829698237227368,769,797,846,856,59.269639562584224
5,19,1012.930081300813,805.7634146341463,1230.0,162.18376618407356,0.5876249306516506,2.9528586051725743,0.9409106582895747,0.9564541213063764,772,1002,839,1024,62.297205519991955
5,20,883.1740614334472,826.2289533560864,3516.0,229.4386001800126,0.8393165015887385,1.4185520044831468,0.709262774151105,0.9810267857142857,789,854,863,914,59.269639562584224
5,21,960.2840832773674,839.0701813297516,2978.0,210.40916292848976,0.8452890833162056,1.5488559073515846,0.7636437421764212,0.9808959156785244,809,927,870,994,62.297205519991955
5,22,750.1620309050772,853.2443708609271,4530.0,258.0071426749364,0.8551545439652084,1.1475045048716477,0.49047320296888836,0.9792477302204928,811,712,889,794,91.03152071137502
5,23,465.64019607843136,854.6088235294118,1020.0,123.05382386916236,0.8464860552789808,1.6767548262809753,0.8026947323502106,0.9695817490494296,833,450,878,482,182.49920416536813
5,24,823.5965780542987,933.2139423076923,7072.0,335.4629867976521,0.7897013805036519,1.0230993500584684,0.2112957086295982,0.9677066228790366,888,778,991,878,67.97147479500829
5,25,920.0797886393659,928.6327608982826,3785.0,231.1370849898476,0.8903002272084568,1.0488605914469926,0.3016600483626878,0.9818417639429312,895,885,966,955,96.59191036473163
5,26,722.0323405201156,958.8054012002667,8998.0,436.47518010647184,0.593521898348499,1.686503229825031,0.8052445584246783,0.9081550262414211,913,637,1020,785,68.47837467645037
5,27,190.22313849138976,994.2117390249819,4123.0,261.58073580374355,0.7572018819230385,1.0323799720524856,0.24848553782869892,0.9617448098903663,951,152,1024,232,141.72427197001952
5,28,848.0288713910761,996.6425196850394,3810.0,244.5512985522207,0.8005618552320203,1.3427346454375608,0.6673449202214572,0.982718596853237,961,803,1024,888,67.97147479500829
5,29,669.407891664721,1002.622694373103,4283.0,324.06601717798213,0.5124965606426987,2.4949346853232903,0.916160282862822,0.933725746675387,965,621,1024,746,68.47837467645037
6,1,872.4343090537781,13.263444520081688,2938.0,269.0538238691624,0.5100154330005127,3.6032405448608347,0.9607175605140349,0.973169923815833,0,821,35,936,79.83776514105693
6,2,930.477263581489,68.082092555332,4970.0,273.6639969244288,0.8339325422325403,1.4115027406440088,0.705746154107201,0.9841584158415841,25,891,110,974,79.83776514105693
6,3,981.7106949236077,168.23435189748645,4058.0,237.23759005323592,0.9060557052978904,1.1729330330242307,0.5226234986304297,0.9851905802379218,136,946,203,1021,112.49595343133795
6,4,594.6144191476941,417.07661996497376,6852.0,316.8772003600252,0.8575219264170458,1.067067439222068,0.34893241578237216,0.9806784027479605,372,543,470,640,104.84808853559663
6,5,773.3107066950054,456.8233262486716,7528.0,405.03657992645924,0.5766349743556872,3.120019204336069,0.9472448450697181,0.9497855160232147,376,746,544,806,78.21611973519448
6,6,696.8982853821564,440.1229293809939,6882.0,312.492424049175,0.8856161882380524,1.1555568444304067,0.5011099061449379,0.9831428571428571,390,650,490,739,78.21611973519448
6,7,341.13463650340435,435.53591038875464,4553.0,268.1076477383248,0.7959560893820191,1.7134574849051416,0.8120302853909961,0.980615981046737,396,298,473,384,66.07059548137978
6,8,407.13392440503964,432.46710219318715,2143.0,180.65180361560903,0.8251776019612448,1.324232177334192,0.6555467589094416,0.9767547857793983,401,380,464,431,66.07059548137978
6,9,444.4535735497921,509.1773906157197,5051.0,282.73506473629425,0.7940135003864237,1.8177183282316767,0.8350722811386546,0.9832587113101032,465,402,558,484,85.30665016372143
6,10,252.36079342387418,558.1908506075769,5596.0,280.9360748630709,0.8909894243736921,1.1735950359768412,0.5234072138513026,0.9852112676056338,517,209,600,296,124.81054787120911
6,11,716.8137173297819,574.0278008989512,6007.0,305.22034611053283,0.8102901040847954,1.6427401569184734,0.7933705503498366,0.9823385118560916,536,661,616,768,123.21552931130944
6,12,375.4790840245222,578.6739992787594,5546.0,281.90663761154804,0.8769586698150436,1.331875576104271,0.6605058646600483,0.9817666843689149,538,332,619,425,97.91454856626395
6,13,550.4982546389858,630.6509277971707,5443.0,312.0071426749364,0.7026177641174364,1.8846471207145272,0.8476202732715354,0.9693677649154052,592,496,669,605,75.64375583005456
6,14,622.6206998375905,653.4616861065997,6773.0,344.0904037956216,0.7188624816020295,1.750470202164292,0.820758664949881,0.9748128957973518,596,582,726,665,74.58301537822632
6,15,685.6543513080619,693.32877736252,9365.0,405.50461735799473,0.7156917948696966,1.5180913896207915,0.7523865343807853,0.9405443406648589,640,609,742,749,74.58301537822632
6,16,575.0830984024701,716.4936233051417,7449.0,431.71782079359116,0.5022360537185256,2.6147756937537605,0.9239795073778598,0.8568963533877832,656,516,790,642,78.94839236618625
6,17,218.59594429513805,861.1933545076961,20465.0,667.5533905932737,0.5770980420152982,1.8037766890151425,0.832255441991035,0.8424584225259345,757,107,952,304,138.52209784545695
6,18,1014.2836332476435,801.3710368466152,1167.0,159.59797974644667,0.5757393867951957,3.3095856274795987,0.9532595598616772,0.9708818635607321,766,1003,835,1024,62.821856260353975
6,19,825.843509350935,803.1144114411442,3636.0,233.20815280171308,0.8401295888725208,1.3497570405572124,0.6716439561126494,0.9808470461289452,767,794,848,856,61.09750826287209
6,20,882.7830215023737,825.2683607930745,3581.0,231.58073580374355,0.8390915084146285,1.440995221498439,0.7200089016788372,0.9827113062568605,784,854,863,912,61.09750826287209
6,21,962.9323687752355,837.5598923283984,2972.0,205.92388155425118,0.8807349636068086,1.3750892473322112,0.6863985981852713,0.9841059602649007,807,930,867,994,62.821856260353975
6,22,748.3525686136524,852.7119399483931,4263.0,244.45079348883235,0.8964834862624811,1.0649855214383896,0.34397201138001066,0.9865771812080537,814,712,888,787,92.00413431132557
6,23,462.44529019980973,855.3539486203615,1051.0,122.81118318204308,0.8756624951428366,1.545912786460934,0.7626028168222295,0.9731481481481481,834,447,878,479,178.80007210107044
6,24,823.6749822820694,934.0863217576187,7055.0,330.3919189857867,0.8121720679814932,1.0241078501156815,0.21570011209143916,0.970693450742983,888,781,991,878,67.79358976918951
6,25,919.993042547498,927.6299170457586,3737.0,229.1370849898476,0.8944214258914441,1.03873999008946,0.2705539144520015,0.9841980510929681,894,885,964,955,96.53421100883388
6,26,718.3701152470526,960.9687375811366,7549.0,395.84166645409243,0.605419321211089,2.1071977462806237,0.8802210495405962,0.9268262737875997,926,636,1004,788,67.30540534839602
6,27,188.60649640466156,996.4302008430449,4033.0,253.27922061357856,0.7900215968839721,1.2087083340364049,0.5617169953076195,0.9706377858002406,956,146,1024,233,138.52209784545695
6,28,847.8824712643678,997.4106321839081,3480.0,228.99494936611666,0.8339447910931119,1.3034610820629295,0.641422029747907,0.9800056322162771,965,807,1024,885,67.79358976918951
6,29,668.2572986846327,1005.8989412897016,3117.0,283.9238815542512,0.48589543510080363,2.6929072008858217,0.9284946073225578,0.8677616926503341,971,627,1024,735,67.30540534839602
7,1,873.5901946107784,12.027694610778443,2672.0,259.05382386916233,0.5003412432110452,3.9239381340553803,0.9669816483228408,0.9762513701132627,0,821,31,935,78.65401346134468
7,2,923.9776148969889,72.42274167987321,5048.0,280.04877323527904,0.8088385857065882,1.7518646137298006,0.8210749720666275,0.9817191754181253,29,881,117,969,78.65401346134468
7,3,982.684925093633,170.43562734082397,4272.0,245.7228714274745,0.8890986374276408,1.1870846253955392,0.5388528236086939,0.9834254143646409,136,946,207,1023,114.25005044249035
7,4,592.1187362423929,421.05036902757996,7723.0,333.22034611053283,0.8740431561219716,1.0272612697497285,0.22884792938815338,0.985327889767798,372,539,473,640,102.15814105921571
7,5,773.0397832408141,462.8735130848533,7566.0,417.86500705120545,0.5445079101817445,3.338481786060231,0.9540845736419922,0.9628404174090099,380,748,557,806,83.59199408965294
7,6,338.1377952755906,426.97069116360456,4572.0,282.14927829866735,0.7217024809867121,2.0287697175761084,0.8700805481297353,0.9804846665236971,383,292,470,379,69.89676234008175
7,7,692.1463347164593,441.8052558782849,7230.0,323.76450198781714,0.8667417181986848,1.1072258718970052,0.42930812994887946,0.983807320723908,390,646,490,737,83.59199408965294
7,8,408.0334708849152,426.5809261806511,2181.0,180.75230867899737,0.8388761041372091,1.4719256474672924,0.7337846444501986,0.9811066126855601,393,383,459,429,69.89676234008175
7,9,445.31410256410254,511.8445998445998,5148.0,286.14927829866735,0.7900654903327338,1.8724993314057714,0.8454556840121179,0.984321223709369,465,405,563,484,93.0577215768341
7,10,255.71563801590307,557.616433169254,5282.0,276.1076477383248,0.8706656058936296,1.1862361714956038,0.5379097207326362,0.9843458814759597,517,215,599,297,121.5588466988331
7,11,712.6985764090645,571.8326554328878,6884.0,338.0548698896889,0.7569659292007714,1.8066512840049325,0.8328423653475694,0.9783968163729392,530,652,618,769,119.92861733209698
7,12,375.56999068033554,577.9015843429637,5365.0,277.90663761154804,0.872934686735916,1.3491513612286048,0.6712768869273879,0.9826007326007326,538,332,617,425,96.0612634909228
7,13,547.7380952380952,628.8638392857143,6720.0,332.73506473629425,0.762749612533385,1.6489195813422288,0.7951157406533612,0.9670456180745431,590,492,673,609,77.60592109628229
7,14,622.2442042606516,650.578320802005,6384.0,346.1614716074871,0.6694918359423466,1.864982024581853,0.8440921116616343,0.9756992205410362,592,583,728,662,74.15405246275702
7,15,681.9340587595212,694.5776931447225,9190.0,394.4041122946064,0.7424077663315656,1.6880749254072522,0.8056507798318318,0.9673684210526315,644,612,748,748,74.15405246275702
7,16,560.5437148666427,714.4305705059204,8361.0,361.66399692442883,0.8032625734499002,1.2672977106362273,0.6142897149430026,0.9809926082365364,659,509,768,612,86.51964739746707
7,17,1016.1596998928188,797.5455519828511,933.0,155.59797974644664,0.4842655778277873,3.805067322088794,0.9648483040092012,0.9510703363914373,763,1005,832,1024,63.617111915558944
7,18,825.1558169934641,801.3440522875817,3825.0,240.55129855222071,0.8306649622937392,1.3000447273268818,0.6390029251079189,0.9810207745575789,766,792,848,856,61.851672096824096
7,19,214.83533580643376,873.0961740767399,18061.0,612.2985565973347,0.6053759803332571,1.791537730844836,0.8297200842659366,0.8496495272145647,776,115,962,297,128.46154019372693
7,20,882.1418092909536,825.3903830480848,3681.0,234.65180361560903,0.8400940098749043,1.463150273653824,0.7299909631115196,0.9800319488817891,784,851,864,912,61.851672096824096
7,21,964.3345712356515,834.4412559081702,2962.0,207.23759005323592,0.8666781580705691,1.3075153461667208,0.6442566365333682,0.9811195760185492,804,930,866,995,63.617111915558944
7,22,746.5791956863626,853.4473152100652,4451.0,254.10764773832472,0.8662275384317174,1.031231567036689,0.24424203374377612,0.9821270962047661,812,708,889,787,94.2816812705898
7,23,457.7983117274646,893.8797105818511,6634.0,512.0071426749364,0.3180045193590352,4.453172705905246,0.9744604950914054,0.7263768750684332,815,431,1024,494,113.83759056480702
7,24,823.5058406032825,934.1549608162059,6763.0,326.3919189857866,0.7977566922088614,1.0603361570582137,0.33251733710016834,0.9756203115983844,889,781,986,880,66.85191700925841
7,25,921.3710144927536,930.5106719367589,3795.0,232.20815280171306,0.8844366213443012,1.0210172253361058,0.20185505452600414,0.9806201550387597,897,886,969,957,97.93300312894152
7,26,543.1974981046247,969.1523881728582,2638.0,254.61017305526642,0.511367533112706,2.9639738478998834,0.9413667902937931,0.8909152313407632,925,528,1024,570,113.83759056480702
7,27,717.4175213675213,963.8349002849003,7020.0,409.22034611053283,0.5267839560571758,2.2960574851154734,0.9001746198171234,0.8854692230070635,931,637,1010,788,73.08738382337735
7,28,846.0826493065383,997.0792527596943,3533.0,232.6162697096763,0.8204900664155024,1.3423389584873056,0.667099843229259,0.9778577359535012,964,806,1024,884,66.85191700925841
7,29,193.42978056426333,999.7617554858934,3190.0,229.40916292848976,0.7616913551494082,1.3061004864200076,0.6432718286151768,0.9687215305192833,967,155,1024,234,128.46154019372693
7,30,659.345170027084,1008.2124586217274,3323.0,330.06601717798213,0.38329978876533166,3.0975111565448508,0.9464536116452879,0.803627569528416,973,600,1024,736,73.08738382337735
8,1,875.3087441525729,13.093198992443325,2779.0,255.29646455628168,0.5358075262568648,3.4172327094302726,0.956224388492254,0.979901269393512,0,824,32,936,79.04829782183712
8,2,926.6846717939545,73.16937935968521,5591.0,296.5340546095176,0.7990063016090769,1.7120393790475956,0.8116826301231375,0.9812214812214812,28,880,120,974,79.04829782183712
8,3,984.5069789448781,171.05961674946772,4227.0,243.7228714274745,0.8942306257709073,1.1906471122909905,0.5427730358631956,0.9827946989072309,138,947,208,1024,113.69220633132126
8,4,591.549386084584,420.28294679399727,7330.0,326.63455967290594,0.8633553243586934,1.0601971316464354,0.3321663720600787,0.9836285560923242,372,538,471,638,102.43639187893051
8,5,334.5394876138048,425.2191403768791,4723.0,292.6345596729059,0.6930691709085788,2.1351179665729534,0.8835386804391678,0.9810968009970918,382,283,468,379,72.69906788493833
8,6,772.2454690831556,469.3306236673774,7504.0,420.73506473629425,0.5327031596458842,3.3359450387361655,0.9540130326752962,0.9059519497766509,384,736,558,805,84.90820743198732
8,7,407.16385980883024,421.92444242148383,2197.0,181.58073580374355,0.8373371843112358,1.3382362945402078,0.6645405680519898,0.9812416257257704,389,379,453,428,72.69906788493833
8,8,691.1979786792192,444.01841340163367,7223.0,321.7645019878171,0.8767004296184289,1.257680646471799,0.6064594640781299,0.9875581077385835,390,648,494,735,84.90820743198732
8,9,446.3710783295242,514.0421774361105,4813.0,276.5929291125633,0.7905759137519409,1.8222441658214128,0.8359708304382313,0.9826459779501837,467,409,562,483,96.41305725351225
8,10,254.22705314009661,558.2865105908584,5382.0,274.45079348883235,0.89789297964852,1.19667135842729,0.5492602950948375,0.9858948525370947,517,213,599,296,121.25166831303439
8,11,715.5694305694306,568.4713857571,7007.0,352.4041122946064,0.7090225472767611,1.8153022291393124,0.8345894413489331,0.9691562932226833,518,660,618,775,114.19747829676555
8,12,373.92179917879804,577.6549085479656,5358.0,277.66399692442883,0.873320050820321,1.31113853481806,0.6467572546815887,0.9836607306774371,537,331,616,423,96.41305725351225
8,13,980.5183611532625,588.0124430955993,3295.0,323.3624817342638,0.3959916463549338,3.9027704927999562,0.9666163100887847,0.8646024665442141,550,912,637,1024,208.76897744932063
8,14,560.8193489225126,635.4073819348922,4362.0,272.68733752154174,0.7371664853147765,1.7419488235161111,0.8188064514513288,0.9644041565332744,596,521,674,603,61.444402158166
8,15,618.8478409869774,656.0798492117889,5836.0,349.56349186104046,0.6001682397936413,2.4213814982454216,0.91073674806811,0.9348069838218805,596,587,735,656,61.6007856653632
8,16,684.4146653403438,696.2964331391217,7037.0,358.0254326381661,0.6898738110883968,1.572652269919839,0.7717974364880736,0.9592420937840785,650,622,740,746,76.9180218061373
8,17,565.429510783798,696.678590215676,3802.0,257.16652224137044,0.7224255761802515,1.2271286070674159,0.579586800566694,0.924161400097229,658,524,731,601,61.444402158166
8,18,1016.7589803012746,793.611819235226,863.0,152.76955262170048,0.4646725802951435,4.153120538080018,0.9705790242347746,0.9707536557930259,759,1007,828,1024,66.5604214098773
8,19,826.7169415292353,802.0710644677661,3335.0,223.58073580374355,0.8383723374846509,1.3396382492946248,0.6654188726198047,0.982037691401649,768,798,844,855,59.474630280121126
8,20,239.15505659335602,850.5443084567958,10867.0,419.81832585697947,0.7748127277854561,1.576059542068177,0.7729279553106491,0.9564337264566097,774,185,924,288,157.31407099947896
8,21,880.7737206085753,826.8721991701245,3615.0,234.16652224137044,0.8284542946755903,1.4821673451148647,0.7381033651546185,0.9754452239611441,788,847,863,911,59.474630280121126
8,22,963.8815426997245,834.0378787878788,2904.0,205.48023074035524,0.8643037286620687,1.250664038012276,0.6005659276657851,0.9814126394052045,804,928,865,994,66.5604214098773
8,23,745.2212571428571,853.5958857142857,4375.0,253.86500705120545,0.8530652249018116,1.0520785249394498,0.31072641136538337,0.9833670487750056,812,706,888,785,96.4176009766369
8,24,461.0536358947911,870.68102114492,3878.0,270.75230867899734,0.6647729382510033,2.1376274516697853,0.8838299242571809,0.9629997516761858,826,439,929,491,104.95249486135323
8,25,821.3447702539298,933.7948911729142,6616.0,319.7056274847714,0.8134011815259921,1.097314851327187,0.4117087723950226,0.9785534684218311,889,777,983,879,68.07978353400775
8,26,920.1009096077316,932.0415008527573,3518.0,224.40916292848976,0.8778585181487203,1.172025371148522,0.5215448791984076,0.9821328866554997,900,889,969,955,98.77170362853089
8,27,451.17162872154114,975.1672504378283,1142.0,229.25483399593907,0.2730479776558756,7.122187012134264,0.9900939692846129,0.6627974463145676,928,444,1024,468,92.68301079406491
8,28,543.8243539202804,972.7980727113447,2283.0,234.0243866176395,0.5238338322466839,3.1353050278295784,0.9477721373672007,0.9333605887162715,932,528,1024,569,92.68301079406491
8,29,714.7353170275744,965.0922262034585,6419.0,373.73506473629425,0.5774967534184309,2.5391887732959053,0.9191847661736182,0.9324520627542127,935,635,1001,787,64.77624583547225
8,30,844.0987797791981,997.9596165020337,3442.0,228.0243866176395,0.8318751242866619,1.3172224509397408,0.6508886487158244,0.9792318634423898,969,807,1024,881,68.07978353400775
8,31,197.1293310463122,1002.1409948542024,2915.0,221.6812408671319,0.7454019689710867,1.4352647627881672,0.7173280684121742,0.9762223710649699,973,161,1024,240,157.31407099947896
8,32,668.7692307692307,1010.7330077330078,2457.0,278.29646455628165,0.3986572276101915,3.9571232594617647,0.9675423741848694,0.8608969866853539,985,624,1024,741,64.77624583547225
9,1,878.5869397217929,11.167697063369397,2588.0,273.9827560572969,0.4332391309146394,4.5530530911529,0.9755826022271271,0.9624395686128673,0,825,29,947,78.14751066151852
9,2,923.7262825017568,74.96011946591707,5692.0,297.01933598375615,0.8107842613665216,1.7452557959592712,0.8195680145195907,0.9820565907522429,29,875,120,972,78.14751066151852
9,3,985.7954388389772,170.8500345542502,4341.0,248.06601717798213,0.886472162261902,1.2190246089795471,0.571893345452686,0.9834617127322157,136,948,208,1024,114.22546118997307
9,4,588.9768426624322,422.57655154161705,7557.0,326.6345596729059,0.8900922491376054,1.0343407023681077,0.2555364257979253,0.9842406876790831,373,538,472,638,104.19127055285438
9,5,408.0676020408163,417.6326530612245,2352.0,189.4386001800126,0.8235884161347516,1.4694406533688682,0.7327192377834415,0.9763387297633873,383,382,450,429,78.67743079351446
9,6,773.3568556772494,468.2017191182587,7213.0,398.0071426749364,0.5721950074356812,3.1966742877611045,0.9498107431248077,0.9659836614436855,387,744,555,806,85.78337750489872
9,7,329.9662517951173,427.1361895643849,4178.0,272.14927829866735,0.7088656398515634,2.217161097940237,0.892510195673226,0.9839849269901083,388,282,467,373,78.67743079351446
9,8,690.529258955428,445.87735849056605,7314.0,326.73506473629425,0.860940880933552,1.312133801274647,0.6474388541563563,0.9871777567822918,391,648,501,735,85.78337750489872
9,9,448.7852929610696,520.0874950845458,5086.0,290.492424049175,0.757384823803409,1.9787922402028206,0.8629093347606183,0.9795839753466872,468,412,574,484,94.72373769902555
9,10,256.2084942084942,558.1794350741719,4921.0,266.69343417595167,0.8694379275489909,1.2578215038005165,0.6065761858280873,0.9794984076433121,519,216,599,296,120.22981720123693
9,11,719.404328672668,571.7496648151695,5221.0,286.63455967290594,0.7985579774968662,1.7703253458714265,0.825181331771256,0.9837949877520257,530,673,615,766,116.76066216080851
9,12,374.6197545526524,579.0116785431512,5052.0,268.8355697996826,0.8784150055104494,1.3247689028036649,0.6558990287592348,0.9869115061535456,540,332,615,423,94.72373769902555
9,13,970.8713253012048,582.5178313253012,4150.0,364.3330444827409,0.3928808266471331,4.223670106810751,0.9715679436008033,0.8343385605146764,543,894,637,1024,214.6106395980434
9,14,555.0108714711555,670.4096966508855,11406.0,454.0315292925759,0.6952983616950521,1.4872749490214625,0.7402146519094438,0.9076151826211506,595,497,745,605,63.50326604544242
9,15,615.9389509888221,652.5090283748925,4652.0,334.5929291125633,0.5221749722769086,2.6023994446856293,0.9232246015515175,0.9211881188118812,597,589,732,650,63.50326604544242
9,16,684.212202609363,694.1945510360706,2606.0,269.56349186104046,0.45067361052710314,1.322723567059201,0.6545532933372447,0.9143859649122807,662,652,726,715,79.99324775490294
9,17,1016.8248175182482,792.1508515815085,822.0,151.84062043356593,0.4480286042276606,3.883623670441635,0.9662805693023222,0.9704840613931524,757,1007,827,1024,64.23028765517411
9,18,826.1296829971182,801.1235991034262,3123.0,215.23759005323592,0.8471213097397707,1.3537736395634312,0.6740607338027791,0.9793038570084666,768,797,840,856,60.6535216448186
9,19,235.76051267281105,833.7047811059908,6944.0,329.14927829866735,0.8054410533265212,1.4701707428752342,0.7330329748394626,0.9806524502188957,776,197,893,275,178.56178965734094
9,20,879.7042407660739,829.559781121751,3655.0,232.99494936611666,0.8460659778387026,1.372818981413428,0.6851221939532821,0.9814715359828142,792,845,864,911,60.6535216448186
9,21,967.4228260869565,833.1992753623189,2760.0,196.2670273047588,0.90037671880203,1.2395566709461472,0.5909065117679363,0.9836065573770492,804,936,862,996,64.23028765517411
9,22,745.1643181818182,853.215,4400.0,254.20815280171308,0.8556252468919969,1.089784248336674,0.3974754181555182,0.9834599910594546,812,705,885,786,96.27514916655382
9,23,466.08996489174956,887.9961966062025,6836.0,519.5046173579948,0.3182974022807853,3.078146433359522,0.94575839462347,0.6525391370752196,819,436,1024,516,122.48661442633816
9,24,817.9292446387105,935.2604835404999,7321.0,342.8772003600252,0.7825337107826228,1.3015268872203265,0.6400558986226361,0.9715992037159921,889,764,981,880,70.5441154427936
9,25,920.0833119053741,936.8179480586269,3889.0,241.23759005323592,0.8397651443647819,1.3756410538148165,0.6867075271839642,0.98033778674061,901,890,981,954,96.7884580056021
9,26,711.1541019955654,965.1857776369972,6314.0,356.49242404917493,0.6243294648912022,2.2859202260991305,0.8992375861424758,0.9327817993795243,932,635,1002,775,66.03670415960302
9,27,540.034749034749,985.6442360728075,1813.0,186.91168824543144,0.6521308531702763,2.632482415785344,0.9250400527551323,0.9562236286919831,950,526,1023,558,122.48661442633816
9,28,846.5403923831506,999.7420657818811,3466.0,230.0243866176395,0.8231721331409048,1.4415921278876178,0.7202857408071934,0.9840999432140829,971,807,1024,887,70.5441154427936
9,29,664.561936402468,1011.9833887043189,2107.0,268.6101730552664,0.3669690911747701,4.284523126391869,0.9723812414188879,0.7921052631578948,986,619,1024,732,66.03670415960302
9,30,205.14384748700172,1009.6221837088389,1154.0,134.8111831820431,0.7979282334320232,1.5280267304658577,0.7561149646699848,0.966499162479062,992,182,1024,231,178.56178965734094
10,1,875.6941926821081,12.59248069822088,2979.0,286.4680374315355,0.4561713667478997,4.133386217282468,0.9702931100503027,0.9783251231527094,0,821,33,947,76.36600880915022
10,2,922.771831464492,72.72120285423038,5886.0,306.6761902332486,0.7864479828022233,1.8283982630446198,0.8371804358093282,0.9745033112582782,24,874,124,968,76.36600880915022
10,3,987.2368489245919,171.20808499611297,3859.0,232.16652224137044,0.8996745821378744,1.1101173532415507,0.4342224716682214,0.9846899719316152,139,953,206,1024,117.7089819434356
10,4,589.5832237322811,420.6532222709338,6843.0,318.04877323527904,0.8500979217922412,1.126061829633434,0.4597455252616611,0.9777111015859409,375,536,470,636,104.02436147569084
10,5,408.54295837023915,415.6142604074402,2258.0,183.4386001800126,0.843242226588042,1.5399412418522906,0.7604679849007961,0.9864569681083443,381,384,448,428,84.17187981745484
10,6,325.0326615705351,426.1468612462358,4317.0,267.9066376115481,0.7558314609808083,1.9131593116788326,0.8525193750153645,0.9811363636363636,385,278,465,365,84.17187981745484
10,7,690.5279898218829,445.7773536895674,7074.0,317.66399692442883,0.8809249845723788,1.2367528599392186,0.5884013958050089,0.9871615964275746,394,649,498,736,85.47670829204611
10,8,772.5728946574102,469.7544521581648,6626.0,374.350288425444,0.5941621075828,3.0647007145816922,0.9452675980268362,0.9699897525984482,395,745,552,804,85.47670829204611
10,9,447.31581205749836,518.4855181291568,4661.0,274.492424049175,0.7773708332401108,1.8596983272945937,0.8431224453200479,0.9816764953664701,469,412,568,483,97.33653653851624
10,10,255.90136660724897,557.3398692810457,5049.0,273.69343417595167,0.8470059805986924,1.3090794418212643,0.6453398656871202,0.9792474786656322,517,216,599,296,119.59009633679597
10,11,720.611909223402,573.8881948782011,4803.0,268.0071426749364,0.8402910028101653,1.631298103447882,0.7900761234811384,0.9864448552064079,537,676,614,764,116.37774864704996
10,12,373.0459081836327,581.4011976047905,5511.0,280.97770542341357,0.8771958168002191,1.18887671986651,0.5408328270035133,0.9814781834372217,539,331,624,421,97.33653653851624
10,13,982.9933712121212,588.9715909090909,3168.0,295.1198410471445,0.45708631654139437,3.562449720184263,0.9597938845988029,0.9230769230769231,552,923,636,1024,205.02870799337614
10,14,562.0969198088158,638.1903876792353,3766.0,273.9066376115481,0.6307903871358491,2.2630680691244796,0.8970751529771502,0.9312561819980217,596,526,691,600,55.222839896071676
10,15,616.869420386409,645.2285143237841,4503.0,291.4213562373095,0.6662988458028538,2.1079410397041043,0.8803112483213924,0.9759427828348505,596,586,709,650,55.222839896071676
10,16,572.8083170890188,694.6143599740091,3078.0,225.27922061357856,0.7621425515320027,1.2062265443164593,0.5592016621754032,0.9712843168191858,654,537,729,603,57.431687083140254
10,17,682.6687943262411,696.0690307328605,4230.0,256.35028842544403,0.8088772308066348,1.5087737580348524,0.7488054190987249,0.9775826207534088,657,641,732,723,83.15236448601699
10,18,237.68801117095552,845.1573907839617,10026.0,492.77164466275354,0.5188551662540554,1.7496712973502946,0.8205770461331733,0.8018234165067178,758,192,919,304,168.50196684022922
10,19,1017.7231270358307,791.0374592833876,614.0,136.18376618407356,0.4160327831896998,3.8667549121310767,0.9659805337971403,0.951937984496124,759,1009,822,1024,65.46763061955039
10,20,826.1832442067736,801.0491978609625,2805.0,201.58073580374355,0.8674504514481549,1.3599113926411177,0.6776961733203605,0.980083857442348,768,798,835,853,59.568736039586774
10,21,878.5665155958411,829.4116235670488,3751.0,233.48023074035524,0.8646825616538998,1.2561175618048546,0.6051600567174658,0.9821942916993978,792,843,864,911,59.568736039586774
10,22,969.074074074074,834.8470507544581,2916.0,204.40916292848974,0.8769940848511192,1.2919153876107872,0.6331311967625097,0.9791806581598388,804,936,864,1001,65.46763061955039
10,23,744.1492289442467,852.741399762752,4215.0,247.03657992645927,0.8679304210141718,1.101122431075987,0.41861406950806423,0.9818308874912649,814,706,886,785,96.9621750867206
10,24,469.1143621204971,876.0873053327041,6357.0,423.7056274847714,0.444972950206005,2.3036196436938687,0.9008649594552389,0.7686819830713422,820,436,976,522,136.13854972511734
10,25,820.9276516660029,935.0370370370371,7533.0,351.9482681718907,0.7642231097655263,1.311754013668916,0.6471790276828796,0.940566862279935,889,768,981,884,70.38147901434677
10,26,919.7940881763527,936.9160821643287,3992.0,240.89444430272832,0.8644638335864134,1.3275988874425373,0.6577462788429788,0.9822834645669292,899,889,980,953,96.49121238552596
10,27,709.4715809584461,966.8116541951919,6281.0,380.3919189857866,0.5454765599170441,2.468310811244042,0.9142567125820062,0.8393692369370573,936,631,1003,775,115.89685928926292
10,28,537.1427648578812,994.0103359173127,1548.0,169.84062043356593,0.6743691351326677,2.4077080631849364,0.9096695612143939,0.9644859813084112,957,523,1024,552,136.13854972511734
10,29,847.1022222222222,1000.3703703703703,3375.0,225.53910524340097,0.8337578479466229,1.5257987696932824,0.755286802463146,0.987130739982451,973,807,1024,886,70.38147901434677
10,30,209.36950904392765,1011.2627045650302,1161.0,141.98275605729688,0.7237205083239463,1.9522672108207042,0.8588513184421297,0.9634854771784233,996,182,1024,239,168.50196684022922
11,1,870.1777617848147,12.743792731198273,2779.0,257.7401153701776,0.5256956382345137,3.8180944805412778,0.9650920979477056,0.980246913580247,0,820,31,931,81.58235176056915
11,2,923.6291063829788,74.37685106382979,5875.0,307.26197667087547,0.7819880109502412,1.7276406329103644,0.8154524415042058,0.9689922480620154,25,873,122,969,81.58235176056915
11,3,988.1977856064419,171.19124308002014,3974.0,235.48023074035524,0.9005935275297003,1.1573371741154284,0.5034018222682259,0.985126425384234,137,954,209,1024,116.370704380987
11,4,592.5847882454624,416.48798617113226,5785.0,290.6223663640862,0.8607066491644773,1.0995452145779874,0.41577628712369713,0.980840963038318,376,547,458,635,101.3791395495518
11,5,409.57002237136464,413.8787472035794,2235.0,184.61017305526642,0.8240928244653092,1.6405422081732097,0.7927441115471373,0.9781181619256017,380,386,447,430,88.26321572892469
11,6,321.8293885601578,423.4691814595661,4056.0,258.8355697996826,0.7607814147151907,1.8667428154348558,0.844413179410777,0.9794735571118087,383,277,461,360,88.26321572892469
11,7,690.5396694214876,442.61404958677684,7260.0,322.5340546095176,0.8769913955314469,1.2321416474533904,0.5842204690489324,0.9878895087767043,385,646,494,736,87.52230610980529
11,8,773.1636813746906,471.4831804281346,6867.0,372.69343417595167,0.6212600508689867,2.6501662774300656,0.92607690715309,0.9682741116751269,398,741,545,807,87.52230610980529
11,9,447.2049660342,518.7685640665261,4269.0,256.2497833620557,0.816975447703228,1.726478644001462,0.8151757759324102,0.985229633048696,474,413,565,482,97.41852654725484
11,10,258.78123783573375,553.0484624367458,5138.0,287.38582233137674,0.7817597125255564,1.5188128460096681,0.7526603680143719,0.9747675962815405,506,220,599,298,117.8284432983403
11,11,711.1255322504337,569.8752562687273,6341.0,319.26197667087547,0.7817595959235965,1.7927583127361528,0.8299756172214274,0.9776441566450818,528,653,616,765,116.31737847365922
11,12,373.0200149644594,581.910961466517,5346.0,275.66399692442883,0.8840538520440999,1.227494577062694,0.5799282564454444,0.9854377880184332,541,332,623,420,97.41852654725484
11,13,978.0193327096976,585.8372310570627,3207.0,305.36248173426384,0.43219274354489,3.96495267032742,0.9676725720022608,0.9059322033898305,551,914,631,1024,234.61177885846527
11,14,568.434751261716,627.2483777937996,2774.0,219.58073580374355,0.7229826056577893,1.7601941994367958,0.8229463240882267,0.9519560741249142,594,533,656,601,51.3447876893609
11,15,616.915714938328,644.1564641388762,4378.0,274.5929291125633,0.729637122126881,1.9077434331963277,0.8516078036266891,0.9728888888888889,596,586,701,649,51.3447876893609
11,16,566.5129087779691,683.8339070567986,3486.0,237.82337649086284,0.7745120257617601,1.4297056629977056,0.7146867559562828,0.9600660974938033,653,530,721,600,56.618156103020965
11,17,684.1690056733353,696.8727978501045,3349.0,227.1370849898476,0.8157346604458046,1.5363086840558082,0.7591541727909219,0.9798127559976595,662,646,728,719,85.45183997223809
11,18,234.55792355068922,846.6530452634667,10229.0,522.0142853498728,0.47171345777438056,1.8904622230577537,0.8486397994011745,0.8116321510751409,760,190,929,302,168.23669307466315
11,19,826.7802855826808,802.4219253800092,2171.0,173.92388155425118,0.9018851767837377,1.156753561882878,0.5026528224670326,0.978809738503156,776,799,830,853,56.66445601299761
11,20,876.6657126502575,829.2976531196337,3494.0,222.65180361560903,0.8856871211363248,1.2444535221369728,0.5952162461563173,0.9847801578354002,793,843,862,909,56.66445601299761
11,21,972.189263322884,836.1896551724138,2552.0,188.75230867899737,0.9001315609581676,1.1966991164817475,0.5492897840482236,0.9815384615384616,808,942,863,1003,95.77185612381835
11,22,744.3915057915058,853.5951093951094,3885.0,236.20815280171308,0.8750061801669788,1.1613405641809502,0.5084799024001847,0.9827978750316215,817,708,886,784,96.98765796595997
11,23,466.76444929116684,889.9641688736564,6419.0,472.97770542341357,0.36057523864818036,3.1589905720631015,0.9485735510207243,0.710459324847814,827,438,1012,516,119.36848635088224
11,24,820.7064014567867,937.9393472475136,7139.0,359.26197667087547,0.6950639047917296,1.5371582610857326,0.7594624837851869,0.912332268370607,896,763,980,888,69.35076271270715
11,25,919.562599893447,934.9813532232286,3754.0,238.06601717798213,0.8323563933386484,1.4489043463608076,0.7236408931227669,0.9791340636411059,897,889,978,951,98.10135583174342
11,26,536.4815848214286,986.8577008928571,1792.0,236.66904755831214,0.4020359999170409,3.764837317914616,0.9640789831463347,0.888448190381755,925,523,1024,552,119.36848635088224
11,27,709.9576728792894,967.6666086047727,5741.0,352.49242404917493,0.5806278140792651,2.535056102461618,0.9189094261497266,0.9153380102040817,937,634,1001,773,114.66904965741611
11,28,847.7394796016704,1001.8043687761002,3113.0,217.29646455628165,0.8284831194971182,1.6553350896572419,0.7969029919377618,0.987313669521091,977,808,1024,886,69.35076271270715
11,29,211.03850385038504,1013.2376237623762,909.0,130.91168824543144,0.666525700624209,2.2430705053626276,0.8951238967268929,0.9498432601880877,1000,185,1024,237,168.23669307466315
12,1,869.8219020172911,11.327377521613833,1735.0,200.25483399593907,0.5436799613577961,3.229244544288018,0.9508441099405645,0.9102833158447009,0,833,30,914,79.91333320728845
12,2,925.987103707684,68.17463729177861,3722.0,244.35028842544403,0.7833584289904743,1.7485998134731613,0.8203330064018576,0.9802475638662101,28,892,110,960,79.91333320728845
12,3,986.8985964912281,170.6782456140351,2850.0,201.09545442950497,0.8856257109702763,1.142626109604935,0.4838030153388334,0.9800550206327373,143,956,199,1020,119.23589925941897
12,4,592.3066575855611,414.97939724161415,5873.0,289.1787155501902,0.8825457260506364,1.1036057165866355,0.4230192093465196,0.9824355971896955,375,546,458,638,97.76815823901934
12,5,687.898041958042,435.49524475524476,7150.0,321.4629867976521,0.869468704604266,1.2015003041861558,0.5543363307825263,0.9809301687474277,378,642,485,732,91.87421621159103
12,6,410.5195610687023,412.50286259541986,2096.0,183.4386001800126,0.7827438914652507,1.8169765082130145,0.8349242683871951,0.976245924545878,379,387,445,432,92.7491441594016
12,7,318.35354049923586,422.88690779419255,3926.0,253.52186130069782,0.7675900383692289,1.912805451000915,0.8524600810838565,0.9839598997493735,383,276,459,356,92.7491441594016
12,8,771.7349544072948,473.07507598784196,6580.0,368.5512985522207,0.6087512502512498,2.8675890514636446,0.9372250916521394,0.9611451942740287,400,740,546,804,91.87421621159103
12,9,445.66784869976357,518.7744680851064,4230.0,254.2497833620557,0.8222976484651265,1.6345749586189529,0.7910280856890326,0.9816662798793223,474,412,563,482,95.86583560201883
12,10,264.3903479973736,542.4047931713723,6092.0,343.43354954612926,0.6490592171834556,2.1197285368039025,0.8817277911104175,0.9533646322378717,480,220,597,310,116.20542423169368
12,11,373.6317082388511,582.0283446712018,5292.0,274.49242404917493,0.8826102659314885,1.2436609738750093,0.5945242838338932,0.9834603233599702,540,333,623,420,95.86583560201883
12,12,718.6283440194561,576.9391996462525,4523.0,260.73506473629425,0.8360602393619079,1.565854381666617,0.7695147919095288,0.9832608695652174,540,677,620,761,116.65362510533181
12,13,982.1665596919127,589.0150834403081,3116.0,304.2914139223983,0.4228904878669359,3.614973255215497,0.9609773053801772,0.9018813314037627,553,915,633,1024,203.5263233928315
12,14,616.5469537333944,642.91548327989,4366.0,271.4213562373095,0.7447415132819865,1.840085803445768,0.8394396496925983,0.972166555332888,594,586,698,649,55.27629168049417
12,15,564.5406926406927,661.6455988455989,6930.0,364.19090885900994,0.6565758395326048,1.8635160926237608,0.8438240212501946,0.8914329817339851,596,525,726,601,55.27629168049417
12,16,680.5541290770299,697.3126301179736,2882.0,215.23759005323592,0.7817494763592762,1.6894871970396186,0.8060146558565127,0.9703703703703703,665,644,726,714,83.99980999737396
12,17,223.49692108248257,855.8935342732134,12342.0,669.7665940288701,0.3457390555079968,2.3229781589619876,0.902599220512818,0.7613818630475016,748,160,960,304,241.12495006421204
12,18,1018.0117647058823,789.36,425.0,111.18376618407356,0.4320321158230751,3.5451667909746574,0.9593925992252755,0.9081196581196581,763,1011,813,1024,63.01079536308796
12,19,828.2922837100546,802.2903351519875,2566.0,192.65180361560903,0.8688010908811922,1.2420332964714809,0.5930964825347078,0.9782691574532978,772,800,837,855,54.80904252485088
12,20,875.8050075872534,829.613808801214,3954.0,240.0660171779821,0.8621546091114958,1.3784610884711364,0.6882783853033967,0.9830929885629041,792,840,864,912,54.80904252485088
12,21,975.0446808510638,835.4489361702127,2820.0,201.33809511662426,0.8741924705454762,1.0723228757810424,0.3610280810853719,0.9795067731851337,805,944,864,1007,63.01079536308796
12,22,744.0124968120377,852.2904871206325,3921.0,234.79393923933998,0.8937847531360908,1.1747620938981913,0.5247827758495196,0.9831995987963892,818,707,885,784,97.99539620034567
12,23,460.0767236119585,902.4900854179377,6556.0,498.73506473629425,0.33121424143402606,4.494311192636964,0.974931889704059,0.7258635961027458,820,436,1024,496,112.02884786793969
12,24,819.5659574468085,937.6831846259437,7285.0,364.91883092036784,0.6874591083145464,1.585037182527047,0.7758641356115976,0.9140526976160602,896,757,979,888,70.77067903581606
12,25,918.6426606651663,936.1557889472368,3999.0,242.8944443027283,0.8517773854740034,1.4493812192481803,0.7238574046652568,0.9815905743740795,897,889,982,950,96.58838277923186
12,26,535.7881656804734,985.0627218934911,1690.0,221.25483399593904,0.433821461067398,4.147342122694916,0.9704957367017777,0.9027777777777778,929,523,1024,549,112.02884786793969
12,27,709.3976317144328,967.3792689205424,5827.0,354.35028842544403,0.5831621130451616,2.4910641012144503,0.915887571209425,0.9103265114825808,936,632,999,773,114.10047071378254
12,28,848.3076152304609,1002.3547094188377,2994.0,215.78174593052023,0.8080388735916543,1.70251965495949,0.8093223536984339,0.9845445577112791,977,808,1024,887,70.77067903581606
13,1,864.8656964656965,13.414553014553015,2405.0,228.4680374315355,0.5789939724775364,3.0354022472350555,0.9441745485337917,0.9600798403193613,0,823,35,918,84.14756119175448
13,2,928.9092409240924,67.9969354078265,4242.0,259.1787155501902,0.7935638243767821,1.6164292552837336,0.7856686373742338,0.9808092485549132,28,891,110,968,84.14756119175448
13,3,988.3793415886439,171.3083660525521,3311.0,214.16652224137044,0.9071223679053553,1.074006590016847,0.3647819299518777,0.9830760095011877,140,956,203,1022,119.20547208459786
13,4,591.4016736401674,416.0605919727259,6453.0,307.56349186104046,0.8572390834060657,1.1362282936776154,0.474779425141711,0.9801032806804374,374,538,459,640,97.26600993623083
13,5,687.5056598748168,431.0506059395392,7509.0,331.22034611053283,0.8601178388817853,1.2460403999372553,0.596595358835751,0.9843995804929209,374,640,484,731,97.26600993623083
13,6,408.4490990990991,412.9121621621622,2220.0,189.3380951166243,0.7781921248628642,1.7884026478484587,0.8290609813387319,0.9775429326287979,379,383,445,433,91.31253742111991
13,7,317.350024789291,419.15220624690136,4034.0,254.35028842544403,0.7835762948267708,1.780295523270883,0.8273379351509645,0.9819863680623174,380,276,458,355,91.31253742111991
13,8,773.6446664790318,477.128905150577,7106.0,376.1076477383248,0.6312635863888886,2.7503046723400115,0.931556702510469,0.9534415671541661,399,740,551,804,97.6889866716966
13,9,444.8247734138973,517.9816407157797,4303.0,253.6639969244288,0.8403564690451952,1.5995462707872516,0.7804827725563802,0.983992682369083,474,409,560,482,95.58555660157128
13,10,262.15,551.2187755102041,4900.0,283.0782104868019,0.768410093724806,1.8603671523277916,0.8432457070860903,0.9815705128205128,506,221,596,305,116.76517430498276
13,11,715.1470368989936,576.2007081625046,5366.0,287.4629867976521,0.8160122247676322,1.667931454797123,0.8003410317745736,0.9795545819642205,537,666,619,763,105.39689015748327
13,12,374.5657237936772,582.7910889258643,5409.0,280.14927829866735,0.8660596984632659,1.2552915213109255,0.60447026755497,0.9806018854242204,540,334,625,423,95.58555660157128
13,13,975.054375,583.284375,3200.0,306.2914139223983,0.42863753328746584,4.135159568217237,0.9703189736263534,0.9278051609162076,547,911,625,1023,208.91071929643087
13,14,618.7542955326461,644.134235395189,4656.0,286.97770542341357,0.7104385481335791,2.0082368804959083,0.8672061856667661,0.9744663038928422,592,587,704,653,57.19566387256787
13,15,564.4451798561151,626.1936690647482,3475.0,240.16652224137044,0.7570764454768242,1.589695612652789,0.7773638366782626,0.9747545582047685,593,523,655,602,57.19566387256787
13,16,563.3523255813953,687.353488372093,4300.0,264.2081528017131,0.7740800774800513,1.4925465519616485,0.7423648410072272,0.9583240472476042,650,524,730,603,61.169582540449326
13,17,780.3503937007874,659.007874015748,254.0,59.112698372208094,0.9134441772997962,1.1298911067773374,0.4655130050540101,0.9477611940298507,650,772,670,790,105.39689015748327
13,18,678.5393540294763,696.7529005957981,3189.0,225.86500705120545,0.7855367006056115,1.7609298309524408,0.8231101156996381,0.977621091354997,664,639,727,715,79.64280976311171
13,19,827.3509384548232,807.0104757747708,2291.0,183.3380951166243,0.8565042529370943,1.2853848077154426,0.628292579462654,0.9757240204429302,777,802,840,852,54.28929844347416
13,20,876.502030869212,830.0647170322231,3693.0,234.89444430272832,0.8410923474748874,1.4989672042102882,0.7449448944325151,0.981658692185008,794,842,866,912,54.28929844347416
13,21,976.2900107411385,835.8224131757967,2793.0,200.99494936611666,0.8687813924960335,1.2204027855761612,0.5732198630531905,0.9775988799439972,807,944,862,1012,99.95394935569944
13,22,743.1080559575495,853.2575976845152,4146.0,242.79393923933998,0.8838192956825256,1.1638748438009263,0.5116416997047165,0.9845642365233911,817,705,885,785,96.10233887051983
13,23,462.42513409961686,897.5048275862069,6525.0,488.04877323527904,0.34424205773019334,3.838591374820551,0.9654705474016636,0.7246779209240337,823,436,1023,502,111.75887572785597
13,24,815.70890856994,937.5216202135973,7678.0,375.747258045114,0.6833863999206203,1.5865067609092265,0.7763389809439963,0.9135038667459845,892,752,982,885,73.30831888681018
13,25,919.3478609625669,934.6029411764706,3740.0,235.23759005323592,0.8493134918793179,1.3350824829527252,0.6625503346198941,0.9770114942528736,898,889,976,950,98.81451203778255
13,26,536.1521367521367,981.4951566951567,1755.0,237.49747468305833,0.39099300931741404,4.856889323272866,0.978574489396822,0.8628318584070797,924,523,1024,549,111.75887572785597
13,27,708.1642072213501,967.8673469387755,6370.0,370.1076477383248,0.5843770851478611,2.249016847306121,0.8957099964285807,0.8909090909090909,932,632,1001,771,58.853311648122904
13,28,848.2393431167017,1003.2169811320755,2862.0,210.36753236814712,0.812684671058913,1.7306390214403407,0.8161633444535656,0.9862164024810476,979,809,1024,887,73.30831888681018
13,29,669.3040996367411,1012.0669434353917,1927.0,222.8111831820431,0.4877728338898632,3.788418493090525,0.9645329733251933,0.9673694779116466,999,626,1024,724,58.853311648122904
13,30,202.421875,1013.3364583333333,960.0,135.91168824543144,0.6530816521611519,2.459372335897153,0.9136028068438637,0.9533267130089375,1002,174,1024,230,284.6377723071222
14,1,881.5194174757281,8.74878640776699,824.0,121.01219330881976,0.707096700620283,2.220411883009925,0.8928435820833249,0.9705535924617197,0,857,22,905,74.97474540487045
14,2,925.5831114492203,69.40852034994295,2629.0,198.65180361560903,0.8371734083911494,1.4634605807181464,0.7301266159508701,0.9719038817005545,37,897,101,956,74.97474540487045
14,3,986.326486013986,169.65865384615384,2288.0,178.0243866176395,0.9072080348537119,1.0368236942031417,0.26414079673153573,0.9769427839453458,144,960,197,1015,117.21709269352971
14,4,592.5775034293553,415.12568587105625,5832.0,290.5929291125633,0.8678752316730691,1.1189919099097754,0.44874169113782303,0.9823143001515917,376,549,458,641,95.72061087853133
14,5,686.9971755211836,430.8533960995293,7435.0,328.73506473629425,0.8645672397266704,1.240175237733216,0.5914554733911069,0.9851596660924871,377,640,484,731,95.72061087853133
14,6,315.5657327586207,418.48491379310343,3712.0,244.5929291125633,0.7797044909250537,1.8338686806493256,0.8382440094445381,0.9840933191940615,380,277,456,353,69.94736144977058
14,7,405.26026743075454,416.60840496657113,2094.0,176.8528137423857,0.8413226742738509,1.6058696033431745,0.7824482877870997,0.9785046728971962,387,381,446,430,89.71416184430791
14,8,773.9372133027523,479.48308486238534,6976.0,369.3797256769669,0.6424957024552348,2.7107355843305205,0.9294676785129793,0.9696969696969697,403,742,551,804,99.6163480490669
14,9,322.74246771879484,488.06312769010043,1394.0,145.53910524340094,0.8270147142204619,1.3157522895809983,0.6498979556502009,0.9633724948168625,469,301,508,352,69.94736144977058
14,10,443.6213803088803,518.2058397683397,4144.0,253.32085117392117,0.8114985226681309,1.7601147639628634,0.8229286231904048,0.9843230403800475,474,408,562,480,94.37907521004038
14,11,712.9930891499655,575.2280580511402,5788.0,303.01933598375615,0.7921322629139604,1.7332872504557857,0.8167876496638121,0.9818490245971162,536,658,618,765,113.49575392791435
14,12,375.20991580916746,583.2233863423761,5345.0,276.8355697996826,0.8764230526825683,1.230494600299353,0.5827083665550998,0.9847089167280766,541,337,625,422,94.37907521004038
14,13,978.0685684375818,585.9691180319288,3821.0,318.6761902332486,0.47281110530155296,3.532291792955528,0.9590897125146772,0.9353733170134639,545,914,635,1024,203.37947207878295
14,14,563.7587719298245,625.6962719298245,3648.0,238.8528137423857,0.8035334678270531,1.4667936032254372,0.7315766701834806,0.9735788630904724,594,524,655,602,61.376648601906545
14,15,621.1373878801138,647.485889302122,4571.0,279.90663761154804,0.7331531261068229,1.8395458001730778,0.8393363472426787,0.976918144902757,601,588,705,657,61.376648601906545
14,16,565.3062365591397,689.0817204301076,4650.0,273.03657992645924,0.783828673135906,1.4511136455413995,0.7246416294186555,0.9583676834295136,652,525,732,609,63.40433524894818
14,17,682.9911616161617,692.6843434343434,3168.0,232.69343417595164,0.7352360254528051,2.0820300848994377,0.8771040255233181,0.9777777777777777,659,643,725,721,76.60802556738246
14,18,232.61696812231438,846.1506945138403,10007.0,464.8010819142764,0.5820757457354848,1.8984487403322325,0.8500228273166697,0.8889579817002754,748,182,923,289,231.79792018863375
14,19,1017.1023102310231,785.5676567656766,606.0,125.01219330881975,0.4872790485679637,3.0347614500420295,0.9441502733413293,0.9337442218798151,756,1007,812,1024,61.31767650444939
14,20,828.6359636256967,805.804634790261,3409.0,233.7228714274745,0.784213724790586,1.5606720799511353,0.7677499326598469,0.9751144164759725,767,800,853,856,56.84864843549019
14,21,879.9923570019724,830.1826923076923,4056.0,254.69343417595167,0.7857281482454115,1.6202879855938075,0.7868265133559147,0.9742973816958924,789,846,873,918,56.84864843549019
14,22,976.8080774365822,831.787049399199,2996.0,205.92388155425118,0.8878472244165541,1.1122075370131632,0.4377170614486151,0.981329839502129,801,945,860,1009,61.31767650444939
14,23,742.99324975892,853.1096914175506,4148.0,242.55129855222071,0.8860156715654329,1.1710384020407487,0.5203666208199174,0.9841043890865955,818,706,885,786,97.83886150695776
14,24,461.0305816510094,885.615830501699,5003.0,349.7645019878171,0.513912174606628,2.487483133237076,0.9156340578081895,0.8681242408467812,830,432,968,494,113.45164028857955
14,25,813.5866056096165,936.1828277046366,8735.0,411.88939366884495,0.6470108382090559,1.747052332157678,0.8199796326333906,0.9041507090363317,889,732,984,884,76.5612091117772
14,26,920.8825316455697,934.3610126582279,3950.0,236.99494936611666,0.8837486798576083,1.3219183138286046,0.6540209969212543,0.9850374064837906,897,890,975,953,99.7290963661539
14,27,535.8126272912424,984.2898845892736,1473.0,223.59797974644664,0.37023447834658596,5.085131837831098,0.9804734035221104,0.8862815884476535,927,524,1024,547,81.65189458767534
14,28,709.6251578282828,969.6769255050505,6336.0,363.63455967290594,0.6021361886170598,2.1302089043976697,0.8829656891842744,0.8835587784130525,930,634,1006,772,55.42035810238383
14,29,455.48426573426576,998.9318181818181,572.0,131.21320343559643,0.41749455511037475,4.6587244739487375,0.9766908087764208,0.8614457831325302,968,447,1023,463,81.65189458767534
14,30,849.3665480427046,1003.8689744419282,3091.0,229.095454429505,0.7400753249830693,1.9462766916847691,0.8579090611141816,0.9869093231162197,979,801,1024,891,76.5612091117772
14,31,675.2665134979896,1013.1614014933946,1741.0,233.1543289325507,0.40245902291055313,4.818442586760959,0.9782273941194852,0.9380387931034483,1001,629,1024,733,55.42035810238383
15,1,865.6907894736842,13.455263157894738,3040.0,296.12489168102786,0.435645886739606,3.8321174522962425,0.9653516864193867,0.9482220835932627,0,815,37,942,82.59967250044076
15,2,925.8000398724083,70.10845295055822,5016.0,285.1198410471445,0.7753762804518357,1.6933113679533092,0.8069945814916483,0.980453479280688,23,884,118,969,82.59967250044076
15,3,986.606170094497,174.3746525847693,3598.0,225.48023074035524,0.88931185531192,1.2228370508863873,0.5755445233016963,0.9822549822549822,141,952,207,1023,120.70139128753556
15,4,587.2782423812898,418.89029057406094,7055.0,324.048773235279,0.8442792560428338,1.1989297055731665,0.5516476498439656,0.982180147570653,375,533,467,639,102.49818920805888
15,5,312.99283154121866,417.43458781362006,3348.0,231.27922061357856,0.7865422986532702,1.823938720428911,0.8363052967675666,0.9818181818181818,379,278,454,347,60.43956287731378
15,6,688.5292632204397,434.83110516934045,6732.0,307.90663761154804,0.8923102236640297,1.2724076402403899,0.6183387935328948,0.9876760563380281,382,647,486,730,95.83091298106227
15,7,401.6899907321594,418.04355885078775,2158.0,178.26702730475878,0.8533344117739947,1.5206973603787142,0.7533733429430676,0.9777979157227005,389,377,448,427,88.69924968266187
15,8,773.6392156862745,478.87494553376905,6885.0,361.1370849898476,0.6633910869299755,2.612511360468629,0.9238422387245767,0.9770114942528736,403,742,548,803,95.83091298106227
15,9,314.1348999129678,477.8633594429939,1149.0,125.9827560572969,0.909719874593939,1.0639403623807098,0.34144348765333854,0.9688026981450253,460,295,498,334,60.43956287731378
15,10,442.2674141221374,518.3838263358779,4192.0,258.97770542341357,0.7854280021391598,1.8526702485683906,0.841818011976578,0.9824232481837356,474,405,564,479,84.35316517057207
15,11,718.5142223118822,575.3052249344362,4957.0,269.0782104868019,0.8603431821640081,1.5038209945824164,0.7468676094744144,0.9848996622292867,538,674,614,765,111.07458611139417
15,12,978.6064004376368,584.074398249453,3656.0,305.01933598375615,0.4938116237357084,3.4917324517556434,0.9581128941400364,0.9603362227475702,545,919,631,1024,205.93568618496553
15,13,555.2563220110728,603.7625317970972,6683.0,335.0071426749364,0.7482956002672532,1.4443439273018635,0.7215561972520678,0.9517231557960695,548,514,653,604,76.56262129744998
15,14,383.9578353253652,579.3383134130146,3012.0,235.9655121145938,0.6797790347004363,1.6306835491760028,0.7898968210974251,0.9365671641791045,552,348,613,420,84.35316517057207
15,15,622.0096918007366,641.2568327195193,5159.0,328.14927829866735,0.6020498950202782,2.270630584822594,0.8977985835120037,0.9376590330788804,577,591,708,655,71.71060993388885
15,16,566.9582973206569,687.2106741573034,4628.0,269.86500705120545,0.798564622376546,1.3852598141845593,0.6920117449349388,0.955606029320669,649,528,730,608,71.71060993388885
15,17,685.4085173501577,687.5504731861199,3170.0,234.93607486307093,0.7217216095977592,2.2223515834796586,0.8930417538002859,0.9805134549953604,656,644,721,726,78.50167022870795
15,18,233.8414770607982,847.0780492353599,10724.0,493.7300141024109,0.5528249194568221,1.8325323051732108,0.8379851909478215,0.8689733408961997,751,182,927,294,230.02369358741512
15,19,1018.1068493150685,786.186301369863,365.0,101.24873734152916,0.4474283481898034,4.018185207855483,0.9685372660320765,0.9431524547803618,760,1012,809,1023,61.456627318287985
15,20,829.2033466715169,808.3812295380138,2749.0,208.65180361560903,0.7934879164505388,1.5828325627394635,0.7751487556873471,0.9762073863636364,772,803,850,852,56.63504657303864
15,21,882.0097368421052,828.8510526315789,3800.0,240.65180361560903,0.8245466257138337,1.4074523125395655,0.7036935189751579,0.970873786407767,789,851,867,916,56.63504657303864
15,22,977.0912318068868,831.953496627618,2817.0,198.0243866176395,0.9027330807985181,1.1511607863610833,0.4953589570963281,0.9832460732984293,804,946,858,1010,61.456627318287985
15,23,742.0661891825142,853.4608545319832,4049.0,242.3086578651014,0.8666021788926692,1.0609599409300834,0.3340858314066349,0.9813378574890935,816,706,886,780,98.10737385569017
15,24,459.5292479108635,891.5294800371402,4308.0,302.9360748630709,0.5899070285911177,2.41190699611657,0.9099993456442588,0.9023879346459992,841,433,959,493,104.1034578340939
15,25,810.3830356057845,937.044233807267,8229.0,398.3746750430835,0.6515886067218559,1.7056731304255937,0.8101093543394356,0.8900064892926671,891,738,986,883,77.63957880941145
15,26,918.7546552591847,934.201560140916,3974.0,241.1370849898476,0.8588349579398734,1.4331574422452902,0.7163315719400966,0.9812345679012345,894,888,979,949,97.4250285646641
15,27,709.6685809279129,968.3717696841469,6617.0,365.3208511739212,0.6230488187305733,1.979742662354317,0.863051372006533,0.8992932862190812,928,636,1006,771,54.53951194376116
15,28,535.3683834048641,985.7317596566523,1398.0,221.49747468305833,0.35807951542501104,4.84550254978758,0.978472563589878,0.8247787610619469,930,521,1024,548,78.98988960427522
15,29,456.9976105137396,995.6021505376344,837.0,154.8700576850888,0.43853110348013163,4.309239178593989,0.9727015865734229,0.887592788971368,959,449,1024,467,78.98988960427522
15,30,850.3709734513275,1003.5939823008849,2825.0,215.4386001800126,0.7648588198307551,1.7203562315389327,0.8137072081875594,0.9836350974930362,977,807,1024,887,77.63957880941145
15,31,679.6375082836315,1013.8986083499005,1509.0,226.22539674441617,0.3705240365934375,4.999422790595789,0.9797911833906585,0.9361042183622829,1003,635,1024,734,54.53951194376116
16,1,859.0651670525967,15.172676149520344,3023.0,261.78174593052023,0.5543311595797916,2.9968227161090897,0.9426840192260088,0.9621260343730108,0,813,40,922,87.97708365013229
16,2,926.8186613313933,71.29246998908694,5498.0,300.8772003600252,0.7631959214571773,1.6753632615474074,0.8023264466551776,0.9638849929873773,24,880,119,972,87.97708365013229
16,3,986.3737565135007,174.1117953576504,4222.0,243.03657992645927,0.8982243059170878,1.1959912724115647,0.5485366635773775,0.9820888578739242,138,948,211,1024,118.82181210281381
16,4,587.0370268410186,419.73750860289056,7265.0,327.7056274847714,0.8501150093900531,1.2098556482972056,0.562870811040948,0.9829522392098499,375,533,469,640,109.13179743968058
16,5,313.3828151120027,416.41925777331994,2991.0,217.3086578651014,0.7959251317393482,1.6643440419383264,0.7993713309835787,0.9733159778717865,380,283,452,343,58.12989774690434
16,6,401.84205650764244,419.7007874015748,2159.0,178.0243866176395,0.8560586307907185,1.5500260515298483,0.7640555612917166,0.9800272355878348,392,377,449,428,88.5200871271215
16,7,693.2253790666863,444.9125570440159,6793.0,312.35028842544403,0.8749589058003331,1.3059593512449685,0.6431733335190419,0.9893678997960967,394,649,496,732,88.32523359710565
16,8,773.437233016398,481.89100179137387,7257.0,371.7228714274745,0.6599764222378077,2.567027944099887,0.921002968611957,0.9676,405,741,552,804,88.32523359710565
16,9,295.0935875216638,471.59705372616986,1154.0,132.22539674441617,0.8294417947364316,1.4617209791155634,0.7293646946867598,0.956089478044739,450,278,496,313,27.345757134808434
16,10,320.6957894736842,481.20526315789476,950.0,124.81118318204308,0.7663487773652343,1.6332308180574757,0.7906384298510875,0.9341199606686332,459,305,505,336,27.345757134808434
16,11,443.53833253473886,519.2402970771442,4174.0,260.97770542341357,0.7701148394788613,1.9204477409196443,0.8537324597751216,0.9816556914393226,474,406,564,481,81.61068557114363
16,12,719.6078153472363,574.5515286495242,4939.0,269.4213562373095,0.8550368933707666,1.5133493406924008,0.7505743882946645,0.9858283433133732,537,676,614,765,107.16146436210668
16,13,978.0410727228799,581.6383184344045,4139.0,306.5340546095176,0.5535384978692761,3.094759200683111,0.9463556389536532,0.9583236860384349,544,920,631,1024,184.02664541301164
16,14,387.1599856836077,578.2469577666428,2794.0,221.37972567696687,0.7164082457888256,1.6398287746596047,0.7925401268895935,0.9106910039113429,552,348,612,422,81.61068557114363
16,15,621.4736842105264,631.5076509164285,5947.0,351.4274528917194,0.6051129298874508,2.5263150816028763,0.9183223205480813,0.9421736375158428,561,591,704,653,58.016935876414166
16,16,564.8112983622123,619.0441490624258,4213.0,261.51576464628795,0.7741151643305499,1.3034611477636528,0.6414220760000676,0.971184877823882,582,524,654,603,58.016935876414166
16,17,805.8880866425993,646.6702767749699,1662.0,171.58073580374355,0.7094206594158513,2.244892669956729,0.8953040337705734,0.9629200463499421,620,779,672,834,112.45176319641645
16,18,567.9153863792708,686.8066957119927,4361.0,258.45079348883235,0.8204275035137087,1.297253733299088,0.6370055448119332,0.9605726872246696,652,529,726,612,67.83360591073107
16,19,689.8417052214144,684.9960343688037,3026.0,229.62236636408616,0.7211911874321209,2.21207164117388,0.8919850356448846,0.978021978021978,655,650,718,729,86.80549211480549
16,20,1017.9647302904565,780.8008298755186,482.0,108.52691193458118,0.5142591303290298,3.5197711135100933,0.9587918743857464,0.9601593625498008,756,1010,805,1024,61.95204925828311
16,21,828.2500875656742,805.3005253940455,2855.0,206.99494936611666,0.8373296671453168,1.4861709576604205,0.7397606567932586,0.9784098697738177,770,802,845,852,58.2615418673557
16,22,219.91472785485593,891.0103521878335,18740.0,704.8254685319159,0.4740414011829898,2.4300134547353354,0.9114005690515011,0.8076193759696604,776,144,1016,306,240.2167077566818
16,23,883.2503924646782,824.519623233909,3822.0,239.48023074035524,0.8374544813763628,1.4288378464700484,0.7142707550819589,0.9794976934905176,785,852,865,916,58.2615418673557
16,24,979.4375453885258,829.3159041394335,2754.0,195.92388155425118,0.9015691601721864,1.1648915883866535,0.5128989594810714,0.9818181818181818,800,949,856,1012,61.95204925828311
16,25,741.9801359121798,852.5666492420282,3826.0,231.48023074035524,0.8972779936534756,1.0323804527779232,0.24848729605767875,0.9832947828321769,817,707,886,778,98.36966515094535
16,26,460.0352687140115,897.8068618042226,4168.0,326.9360748630709,0.4900178334518507,2.6308711417251684,0.9249444800783174,0.8478437754271766,844,435,978,489,105.01751062389377
16,27,812.5700477598363,937.0764157380032,8794.0,415.30360723121805,0.6407150400709971,1.6972802189077851,0.808003340798243,0.8806328860404566,892,740,988,886,78.24425763863321
16,28,919.4009926854754,931.8098223615465,3828.0,235.1370849898476,0.8700406281880785,1.3264880899262728,0.6570232427892245,0.983303365014128,894,887,973,950,98.39441949629783
16,29,710.8520656136087,966.3883657351155,6584.0,359.4629867976521,0.6403115402034765,1.7928058908509679,0.829985565702317,0.9138098542678695,925,637,1006,771,105.85715991152169
16,30,536.4078711985688,990.0840787119857,1118.0,205.49747468305833,0.33268918949313936,4.520988757309266,0.9752306084152534,0.7758501040943789,936,524,1024,549,83.05730138372438
16,31,454.30941704035877,1002.6681614349776,446.0,104.39087296526012,0.5143037180659353,3.7832054553723555,0.9644333595257322,0.8779527559055118,979,446,1024,464,83.05730138372438
16,32,852.7661843107388,1004.2063975628332,2626.0,204.12489168102783,0.7919771493232294,1.7061875578219097,0.8102372519108937,0.9838890970400899,980,813,1024,888,78.24425763863321
17,1,860.25,12.85364768683274,2248.0,222.81118318204307,0.5690261186219059,3.135188980194192,0.947768164372512,0.978667827601219,0,820,33,913,83.29355819533842
17,2,925.4288877952756,64.71432086614173,4064.0,245.6223663640862,0.8465015176642453,1.357599646902421,0.6763349854591144,0.9816425120772947,26,891,104,963,83.29355819533842
17,3,986.4446059901134,173.95027624309392,3439.0,219.1370849898476,0.8999332111130623,1.1689059944032645,0.5178015070673896,0.982290774064553,141,953,207,1022,125.12158812110461
17,4,590.3217498677016,413.9915328982184,5669.0,283.7645019878171,0.884708479140722,1.1409328702067574,0.4814459980956718,0.9857416101547557,375,547,456,637,106.15810103589088
17,5,309.91464737793854,421.0101265822785,2765.0,201.58073580374355,0.8550803915344558,1.512074601450215,0.7500835922524101,0.9804964539007093,388,280,452,339,71.47895389597487
17,6,691.4116321644839,446.4010702717927,7101.0,317.9066376115481,0.8829379529008738,1.2507846219208814,0.6006685417029549,0.9866611087953314,394,646,498,734,88.3100897501819
17,7,398.5453653751839,423.51152525747915,2039.0,175.92388155425118,0.8278992563353788,1.6218083059320314,0.7872799780098156,0.9746653919694073,395,372,452,424,88.66600909051635
17,8,771.518664600648,483.570080292999,7099.0,378.350288425444,0.6231877408448675,2.665349872323877,0.9269498456822951,0.9412622646512862,405,736,557,802,88.3100897501819
17,9,292.32724902216427,490.2916123424598,2301.0,205.58073580374355,0.6841662560650402,1.589558321437029,0.777319867835382,0.9069767441860465,458,265,529,318,34.717154422464716
17,10,326.3994834266035,496.9522169608265,2323.0,200.0243866176395,0.72961403439643,2.1608841001187598,0.886476533279239,0.9727805695142379,461,306,536,350,34.717154422464716
17,11,441.04615774790767,520.0753233578494,3943.0,252.97770542341354,0.7742338284080468,1.8809929401851562,0.8469741303139318,0.9752658916646055,477,404,563,479,88.15750822448868
17,12,718.196111580727,574.7753592561285,4732.0,262.35028842544403,0.86395576709518,1.491348624730144,0.7418787756345535,0.9872731066138118,538,676,613,762,105.64893549536856
17,13,374.45427603725653,577.8444115156647,4724.0,259.76450198781714,0.8797517675130851,1.271998526516545,0.6180173822395396,0.9847821555138628,540,333,612,419,88.15750822448868
17,14,976.5975344452502,580.9980662315687,4137.0,299.9482681718907,0.5778334345907209,3.1283573289671605,0.9475334673998227,0.9688524590163935,542,922,628,1024,206.63714150569572
17,15,620.6996324172939,627.2566077367408,5713.0,358.3919189857867,0.5589303220710694,2.9305017801151942,0.9399767515735941,0.9259319286871961,551,586,700,648,56.63370015566564
17,16,564.0978835978837,625.3544973544973,3024.0,217.23759005323592,0.8052332475774499,1.5288980941111114,0.7564376318013164,0.9773755656108597,591,528,655,595,56.63370015566564
17,17,566.3200362647325,686.9388032638259,4412.0,264.45079348883235,0.7927853549343883,1.3447565852185401,0.6685924801460533,0.9500430663221361,652,527,726,611,61.624383946685796
17,18,688.9236111111111,684.9959795321637,2736.0,222.20815280171308,0.696315365509963,2.2611214847473393,0.896887671848288,0.9767940021420921,656,648,715,726,89.3775493294849
17,19,1017.7122302158274,783.5035971223022,556.0,121.35533905932738,0.4744242499190853,3.5256273392933215,0.9589315870371656,0.9553264604810997,755,1009,810,1024,60.84789463642174
17,20,827.399559309585,809.0866691149467,2723.0,203.23759005323595,0.8284178199648702,1.518136860833034,0.7524038077584932,0.9759856630824373,773,801,847,851,57.56981251332199
17,21,883.0682993197279,823.7589115646258,3675.0,234.65180361560903,0.8387246634855401,1.3946700144271462,0.6970572365233767,0.9807846277021617,784,853,862,916,57.56981251332199
17,22,212.2058823529412,896.4206896551724,19720.0,713.8670990922585,0.4862751108887992,1.9858185199056861,0.8639540273250269,0.7993838420689935,786,115,1022,302,117.60092039396902
17,23,978.3134441087614,829.8738670694864,2648.0,193.33809511662426,0.8902110362884932,1.1674946705212124,0.5160890074788731,0.9796522382537921,802,948,858,1009,60.84789463642174
17,24,739.4751315160211,853.844093735055,4182.0,244.55129855222071,0.878726949758611,1.1066350046017337,0.4282921758350031,0.9807692307692307,815,704,888,778,98.660691571924
17,25,459.7281938325991,910.0504405286343,4540.0,426.048773235279,0.31430195225742186,3.384637851778599,0.9553574045718097,0.70289518501316,850,432,1023,490,115.12565288198886
17,26,917.7819433817904,934.0071410354501,3921.0,239.9655121145938,0.8556754022578896,1.3493977612391839,0.6714263003822583,0.9809857393044784,896,886,977,950,95.14759965262556
17,27,807.8643137254902,941.9445378151261,8925.0,424.13203435596427,0.6234705405705879,1.521567093665062,0.7537012724538021,0.8525169548189894,897,741,1003,886,76.17528677177047
17,28,708.3248723559445,963.3664478482859,6855.0,354.1198410471445,0.6869368304888115,1.586460486027665,0.7763240532983248,0.9254759011745646,921,640,1007,767,101.81845912028926
17,29,536.12,996.1794594594595,925.0,155.94722215136414,0.4779652363453863,3.186907048158108,0.9494944382276546,0.8517495395948435,961,523,1023,550,115.12565288198886
17,30,852.7676081515909,1003.4780121558813,2797.0,208.71067811865476,0.8068875084066286,1.703679633241458,0.8096124421383679,0.9845124956001408,980,813,1024,890,76.17528677177047
17,31,177.39966367713004,1008.7528026905829,1784.0,197.9177848998413,0.5723149236646513,2.5776914819852528,0.9216829368575785,0.9444150344097406,990,145,1024,223,117.60092039396902
18,1,849.8187919463087,15.36004737465456,2533.0,228.36753236814712,0.6103463272240063,2.476795768340931,0.9148704764479201,0.9783700270374662,0,811,40,903,95.80087917386886
18,2,928.0607336139507,70.64121066345962,4989.0,280.492424049175,0.7968582926901707,1.5539703722288325,0.7654352563005966,0.9651770168311086,27,884,113,971,95.80087917386886
18,3,989.5696721311475,175.29537470725995,3416.0,218.55129855222071,0.8987128337702839,1.1526972032406084,0.4973839594165528,0.9830215827338129,141,957,210,1023,121.39128292105234
18,4,588.623172103487,415.57994536397234,6223.0,305.4629867976521,0.8380935090770887,1.2299097198567408,0.5821689956907597,0.9830963665086888,375,536,459,639,102.68554777628184
18,5,309.9722906403941,416.80080049261085,3248.0,220.3086578651014,0.8409356327489963,1.4812906294983599,0.73773815507237,0.9794933655006032,379,278,451,340,86.57082468510215
18,6,687.8343152751833,442.06523925851417,6959.0,312.8772003600252,0.8933237220826491,1.138112602379339,0.47747068058319686,0.983882369574438,393,641,495,732,95.16884493375588
18,7,397.592118226601,425.5024630541872,2030.0,171.4386001800126,0.8679379499460316,1.4953272415014736,0.7434874043749446,0.9830508474576272,398,372,453,422,88.05085529154253
18,8,772.2569625463027,485.99615859514336,7289.0,375.32085117392114,0.6502381242302241,2.6214297519777117,0.9243807169941558,0.9659422210442619,407,738,563,803,95.16884493375588
18,9,329.57283257283257,501.12355212355214,2849.0,238.55129855222071,0.6291276073597429,2.2404028942429983,0.8948593209636202,0.9515698062792252,464,303,551,361,42.624140559850154
18,10,287.08952583156406,504.5856334041047,2826.0,224.06601717798213,0.7073429550655491,1.2846093395386036,0.6277106144240625,0.9442031406615436,473,255,550,314,42.624140559850154
18,11,436.9469608073222,520.7763435813189,4261.0,262.97770542341357,0.7742541375529315,1.7257333097045613,0.8149979705602944,0.9609833107803338,478,396,564,476,87.51574443236134
18,12,717.3969742169188,573.9778393351801,4693.0,260.35028842544403,0.870050161475245,1.4517923650208782,0.7249478725698536,0.9861315402395461,536,676,612,760,103.68410902998534
18,13,975.9608648648649,580.3468108108108,4625.0,305.01933598375615,0.6246933150376508,2.792325153199318,0.9336738483819808,0.965553235908142,538,924,630,1024,168.60371038798047
18,14,374.87603003112986,582.4707928950742,5461.0,278.3919189857867,0.8854596823901003,1.1541135561055442,0.49923632263657786,0.9852065668410608,541,333,624,423,87.51574443236134
18,15,619.2805585392051,627.40708915145,4655.0,327.1787155501902,0.5464613656571065,2.8593157504689604,0.9368490344039277,0.8983018139714396,563,588,694,650,56.0423720030747
18,16,563.7265840220385,620.0244490358127,2904.0,210.40916292848976,0.8242845862828279,1.4352815705907063,0.717335993188569,0.9771197846567967,588,527,648,595,56.0423720030747
18,17,816.933598937583,636.3605577689243,1506.0,175.7228714274745,0.6128839569517851,2.881738007775636,0.9378603897179655,0.9495586380832283,611,784,661,847,117.46975449010762
18,18,566.204869085898,683.0776297657327,4354.0,258.1076477383248,0.8212900151922593,1.2259150726693986,0.5784509172075968,0.9649822695035462,646,528,724,608,63.10186603435512
18,19,697.896361631753,679.0242557883131,1814.0,187.81727983645294,0.6462135408338368,1.512833970514401,0.7503761501540296,0.9264555669050051,657,668,703,726,94.0466713260175
18,20,1017.3804173354736,782.7479935794543,623.0,133.42640687119285,0.43975858761986003,3.4967382363395174,0.9582353477825977,0.9382530120481928,750,1007,811,1024,59.376756641562324
18,21,221.44712368168743,886.5896931927133,20860.0,762.5655839020935,0.4507853219318749,2.4686332589957054,0.9142801603223095,0.7788522570287122,758,123,1023,309,242.73388003259512
18,22,826.1389054134444,810.5508625817965,3362.0,230.8944443027283,0.7924659423578369,1.5942882233636242,0.7788267078752283,0.973082489146165,771,797,856,852,55.18854808082796
18,23,879.190204469805,825.7605801236328,4206.0,261.03657992645924,0.7756689212425694,1.4744318891959018,0.7348521565860133,0.96934777598525,782,842,864,916,55.18854808082796
18,24,980.4067256637168,829.2081415929204,2825.0,199.92388155425118,0.8881758616478508,1.14667601540576,0.4893527971294962,0.9805623047552933,800,949,858,1012,59.376756641562324
18,25,740.273194771802,854.2969787872295,4667.0,259.37972567696687,0.8717171929621472,1.1431044928922063,0.4844649655426244,0.9827332069909455,811,704,890,780,96.36722963255457
18,26,463.0831739961759,909.6495219885277,5230.0,448.048773235279,0.32738665133515515,2.5199038323141005,0.9178875666687762,0.6816108432164734,851,432,1024,505,115.09266967141559
18,27,806.1014252568777,945.6959451994255,9051.0,449.13813101037414,0.563827915185077,1.3033568025105353,0.6413486057450951,0.8058226495726496,894,743,1020,887,74.43002458476853
18,28,919.106288981289,933.1309771309772,3848.0,237.4802307403552,0.8574128795555506,1.4380091245273128,0.7186171878884655,0.985655737704918,896,888,976,951,95.44892900544214
18,29,707.9680134680135,962.3745791245791,7128.0,363.1137443927346,0.6793478092341806,1.5653198754993107,0.7693337599989096,0.9320083682008368,921,639,1005,768,62.42684263365676
18,30,535.9718826405868,998.7200488997555,818.0,138.3259018078045,0.5372249166705539,2.990499306686796,0.9424339640398159,0.8758029978586723,970,523,1023,549,115.09266967141559
18,31,853.8519163763066,1002.7898954703833,2870.0,210.36753236814712,0.8149563263239274,1.582740343511832,0.7751187517770276,0.9835503769705277,977,815,1024,891,74.43002458476853
18,32,673.8529698149952,1014.6553067185979,1027.0,180.63961030678928,0.39550714376667506,4.081663465703177,0.9695235460053903,0.9285714285714286,1004,638,1023,715,62.42684263365676
19,1,848.4729891956782,18.1359543817527,3332.0,291.82337649086287,0.49167112152107345,2.5815357585699035,0.9219258843063567,0.9161396755567776,0,806,51,924,93.89988514695975
19,2,924.7220681781113,72.93801989887457,6131.0,308.6761902332486,0.8086021975581865,1.6843177890566603,0.8046774743331031,0.9804893651047497,24,875,121,973,93.89988514695975
19,3,989.4074543610548,176.88919878296147,3944.0,234.93607486307093,0.8979400720042785,1.1415156769703088,0.48225975967327345,0.984769038701623,138,954,214,1024,122.43384653366066
19,4,588.0855203619909,416.4457013574661,6630.0,317.22034611053283,0.8279446861883839,1.2858741854273255,0.6286590239332255,0.9768675408869898,374,534,458,642,97.76635412851194
19,5,309.5693712680014,418.7116262732701,2847.0,202.06601717798213,0.8762151710158412,1.332995962144452,0.6612225306078799,0.9803719008264463,387,277,448,341,85.05033242007156
19,6,683.4811334393523,437.84516408847765,6917.0,318.4629867976521,0.8570570107605113,1.1375732034750337,0.47670320306263464,0.9779442952071257,393,629,485,732,97.76635412851194
19,7,396.3395761458847,430.5776244455397,2029.0,170.8528137423857,0.8734692893201863,1.4333683436619342,0.716431562160916,0.9783027965284474,403,372,459,421,87.57779608538993
19,8,772.4202776609171,488.63525452250735,7131.0,363.32085117392114,0.6788591164314925,2.4354029136539217,0.9118112164341836,0.9691492253329709,415,737,562,804,101.242234883672
19,9,333.8765126512651,500.2145214521452,3636.0,273.7056274847714,0.6099107457526504,2.5485492814771114,0.9198031658316753,0.9513343799058085,458,296,554,374,56.47642070552854
19,10,277.5035691109669,503.6317326411421,3082.0,232.16652224137044,0.7185273547937105,1.4458439190721433,0.7222447283587109,0.9610227627065794,478,236,536,316,56.47642070552854
19,11,434.13544997715854,520.8017359524897,4378.0,267.56349186104046,0.7684788351926224,1.873332587521741,0.845605685065529,0.9718091009988902,478,393,566,473,82.70952216108702
19,12,715.4688644688645,572.3402523402524,4914.0,266.5929291125633,0.868855917753619,1.4430162700153149,0.7209444285662311,0.9841778489885841,532,675,613,758,101.242234883672
19,13,375.8686966640807,579.5031031807603,5156.0,270.2497833620557,0.8871398003566486,1.2274577708174073,0.5798939385312797,0.9850974398165838,539,334,617,423,82.70952216108702
19,14,976.9136898158421,579.9616152651431,4507.0,292.7766952966369,0.6607305890695822,2.6003028538908617,0.9230955866569466,0.9765980498374864,539,925,625,1024,208.38244519671406
19,15,616.893006263048,633.6677974947808,3832.0,284.69343417595167,0.5941286043191107,2.6388695316737825,0.925417087161398,0.9387555120039196,576,590,691,645,55.3843499365736
19,16,565.0870860927153,614.0827814569536,3020.0,212.20815280171308,0.8427381936524587,1.3665143564129323,0.6815313978308071,0.9789303079416531,581,531,647,598,55.3843499365736
19,17,566.6690330477356,682.4438188494493,4085.0,249.27922061357856,0.8260945720636607,1.2145773720772906,0.5675605544767772,0.9645808736717828,645,530,722,605,68.37933890837702
19,18,706.4064417177914,676.1848159509202,1304.0,137.53910524340094,0.8662336809126895,1.1992791577310276,0.5520149409350807,0.9666419570051891,657,686,699,729,99.09768910176565
19,19,1018.2689938398357,784.1991786447638,487.0,113.11269837220809,0.4783173116527609,3.957528933162176,0.967549139683744,0.960552268244576,757,1011,809,1024,60.29770767120248
19,20,823.3881638846738,811.2722306525038,3295.0,223.37972567696687,0.8298083037475632,1.5502664927467678,0.7641400389628058,0.9797799583705026,773,795,854,852,57.44578540064177
19,21,228.31634770578742,860.127814925832,13011.0,576.1919548795365,0.49247723593836584,2.3140560584493857,0.9018057415898243,0.8576230966976468,779,128,944,306,110.083430942588
19,22,878.7873563218391,826.4691954022989,4350.0,276.1076477383248,0.7170381267772225,1.6303319650141557,0.7897941333636865,0.9549945115257958,783,833,865,917,57.44578540064177
19,23,982.414498141264,832.6787484510533,3228.0,214.99494936611666,0.877580318564175,1.2742239043892518,0.6197599627917545,0.9814533292794162,802,948,862,1018,60.29770767120248
19,24,741.0650939274792,854.5934906072521,4578.0,254.55129855222071,0.8878406361265506,1.1383601695246899,0.477822151263647,0.9866379310344827,813,705,889,782,93.0259072046278
19,25,464.5354609929078,912.4255319148937,5076.0,413.2203461105329,0.3735666373937973,2.374499984715036,0.906995043607165,0.7077523703290575,858,433,1023,502,114.83622574931138
19,26,920.6316413662239,931.8991935483871,4216.0,255.48023074035524,0.8117005995960354,1.4520848782944664,0.7250796844497015,0.9788716043649872,891,888,978,953,94.47831916430655
19,27,805.5825580206523,946.8776198752684,9781.0,457.7300141024109,0.5866436058410521,1.2831178961548495,0.6265868381871307,0.8170578899005931,893,732,1022,885,73.9178180781791
19,28,192.29630694065239,964.1514585428941,6959.0,384.6761902332486,0.5909708888011577,2.2688258988195242,0.8976266569922319,0.9475762527233116,913,121,1023,243,52.09808657633999
19,29,706.5689551339958,963.5814513700692,6642.0,359.2619766708754,0.6466752284110758,1.6690688342300795,0.8006469241532733,0.9172766192514846,919,637,1004,768,60.97226076589227
19,30,152.63188647746244,997.929326655537,3594.0,305.69343417595167,0.48329879808659953,2.0623938420417978,0.8745843273749879,0.8976023976023976,950,116,1024,216,52.09808657633999
19,31,856.0646627053478,1000.8720727018525,2861.0,205.53910524340094,0.8510181030492042,1.392257002546286,0.6957766645928894,0.9834994843588862,973,821,1024,890,73.9178180781791
19,32,536.8267581475129,1001.6518010291595,583.0,121.25483399593904,0.498287848082806,2.6642187006501,0.9268853543638664,0.8766917293233083,980,525,1022,548,114.83622574931138
19,33,670.2927835051546,1012.5881443298969,1940.0,234.6040764008565,0.4429354967647782,4.095577782959058,0.9697335021495211,0.9623015873015873,998,627,1024,730,60.97226076589227
20,1,855.3612657486083,16.848813360679753,3413.0,274.6101730552664,0.5687388672079932,2.7564311377128767,0.9318717206782976,0.9720877242950726,0,809,44,920,91.29879423150258
20,2,927.0138754436915,73.4294933849629,6198.0,308.5756851698602,0.8179712360076893,1.5976795786684315,0.7798971164421502,0.9845909451945989,25,876,122,976,91.29879423150258
20,3,990.8131341600902,176.7085682074408,3548.0,221.7228714274745,0.9069273240457464,1.0883792784704949,0.39472955845828445,0.9828254847645429,143,956,211,1024,121.39568653353774
20,4,588.1335701050031,416.1680049413218,6476.0,310.97770542341357,0.8415078944697563,1.3616640604260806,0.678721743281107,0.9828502048869328,376,534,457,643,99.85343317553216
20,5,311.4915455354494,415.6733906852566,3371.0,220.55129855222071,0.8708620756026557,1.3142670535493624,0.6488921827586264,0.9799418604651163,381,277,448,346,87.68999103542762
20,6,685.878663003663,436.5789072039072,6552.0,306.97770542341357,0.8737155832959537,1.1470744288311707,0.48989221348295897,0.9827508624568772,394,638,482,737,99.85343317553216
20,7,397.5966633954858,432.26987242394506,2038.0,169.19595949289334,0.8946106593053927,1.3463746450808487,0.6695851309380759,0.9812229176697159,405,375,462,421,87.68999103542762
20,8,773.2481359976141,489.68833880107366,6706.0,347.27922061357856,0.6987403398826494,2.405082966105076,0.909462446774227,0.9774085410290045,421,743,561,804,101.2841915713156
20,9,331.8014527845036,507.01129943502826,3717.0,269.3624817342638,0.6437662663225603,2.5241847240075987,0.9181782489071885,0.9535659312467932,463,292,557,371,61.66681890315287
20,10,433.82459546925566,518.6431499460625,4635.0,274.63455967290594,0.7722345490729879,1.9406550167337986,0.8570159167267555,0.9805373386926168,476,391,564,476,83.42815046094734
20,11,270.14261603375525,506.01912798874827,3555.0,247.99494936611666,0.7263798644019956,1.6645571124296012,0.7994291334444511,0.9520621317621853,480,226,537,316,61.66681890315287
20,12,716.2938443670151,573.4421215640727,5166.0,272.73506473629425,0.8727348346474653,1.4166668592240745,0.7083291884842496,0.986442619820508,531,674,615,760,101.2841915713156
20,13,377.2639460876076,579.9713590415574,5342.0,275.56349186104046,0.8840368918138721,1.161938876348607,0.5092300030230014,0.9850636179236585,537,335,619,424,83.42815046094734
20,14,980.3585964912281,581.1730994152047,4275.0,273.56349186104046,0.7178433903687017,2.256408478785668,0.8964315738329502,0.9818557648139642,542,935,624,1024,205.1038477749079
20,15,564.2383826191913,612.3995171997586,3314.0,220.20815280171308,0.8588070092665504,1.2714444549880328,0.6175813261117078,0.9798935541099941,579,528,645,599,61.49140301897382
20,16,619.8876257105378,638.5596851770879,4574.0,292.0071426749364,0.6740918476898116,2.2395268783260986,0.8947722136197418,0.9740204429301533,582,590,700,649,61.49140301897382
20,17,566.7140631953716,681.9183355585225,4494.0,259.9360748630709,0.8358143415603471,1.2302133649862628,0.5824491725390692,0.9750488175309178,643,528,724,607,68.61049710834169
20,18,709.0228116710875,680.501326259947,3770.0,274.7289680818844,0.6276858009260325,2.647991308427962,0.9259505641598763,0.9590435003815823,652,660,714,766,98.50980983102725
20,19,1017.9311594202899,782.8061594202899,552.0,131.18376618407356,0.403077681415433,3.6662084783248465,0.9620817231747658,0.9184692179700499,750,1009,811,1024,57.68859228417606
20,20,224.5097196541902,892.3494078256958,20011.0,792.5777772109133,0.40030855700057744,2.5595467096772375,0.9205205367628756,0.7664113366526235,758,128,1024,311,245.64060442882752
20,21,824.2152046783626,809.5353801169591,3420.0,239.27922061357856,0.7506301410266054,1.712797606296283,0.8118686390087582,0.9726962457337884,771,794,855,857,59.084929265696736
20,22,880.4546065904506,827.6505267877158,4461.0,273.0782104868019,0.7517405733396352,1.6520604386560547,0.7959938330171885,0.9740174672489083,784,838,868,922,59.084929265696736
20,23,987.3778588001326,831.7394763009612,3017.0,207.23759005323592,0.8827711015863967,1.2996232723219314,0.6387025341846118,0.9820963541666666,802,955,862,1022,57.68859228417606
20,24,742.8681090076971,855.0420220511754,4807.0,263.1370849898476,0.8724084582634587,1.116789784079445,0.4452150744923861,0.9852428776388604,813,705,889,786,93.21053821420296
20,25,469.3603138155377,912.0342518178339,5226.0,423.9482681718907,0.3653873758558817,1.9386098922013508,0.8566888354625622,0.7000669792364367,863,436,1023,514,115.77787289691169
20,26,922.5293429974281,931.6857610474632,4277.0,252.55129855222071,0.8426551948932828,1.3107374900953992,0.6464819602121094,0.9776,890,889,975,954,89.01375446478129
20,27,804.7251229465313,949.5160615255834,9557.0,458.58787847867995,0.5710660048864458,1.2232632757349164,0.5759491685213369,0.836059837284577,899,732,1024,886,71.36485684658773
20,28,707.972027972028,963.7712287712287,7007.0,371.9898987322333,0.6363260278528221,1.6979446531338265,0.8081714061016396,0.925016501650165,917,639,1004,777,61.910311754027546
20,29,859.8271068635969,994.8670721112077,3453.0,237.675144212722,0.7681373984076509,1.1921964274847523,0.5444582364942903,0.9683118339876613,957,826,1024,891,71.36485684658773
20,30,537.887399463807,1005.3538873994638,373.0,87.35533905932738,0.6142423953646711,1.7794111759329179,0.8271483356919909,0.8419864559819413,992,527,1021,548,115.77787289691169
20,31,670.3260756868845,1012.9206842923795,1929.0,230.08326112068522,0.4579014756394059,4.224305214649692,0.9715766173016597,0.9703219315895373,999,626,1024,727,61.910311754027546
21,1,846.5798260869565,18.93078260869565,2875.0,238.2670273047588,0.6363848324184025,1.9950545994858366,0.8653086437918959,0.9839151266255989,0,813,50,901,95.71407424955599
21,2,925.6020844011618,72.93695540748334,5853.0,299.9482681718907,0.8175148882425645,1.5662092412782114,0.7696348534727406,0.9781082887700535,26,877,119,972,95.71407424955599
21,3,989.6666666666666,179.72559214326978,3462.0,219.37972567696687,0.9039490431590137,1.1889422744077858,0.5409049484443206,0.9838022165387894,145,959,215,1024,124.53145641459987
21,4,586.4462531162927,418.52353717553893,6819.0,319.8061325481598,0.8378320691940343,1.2786357751188413,0.6231735940790194,0.9836987882285054,375,533,464,639,103.73953164895335
21,5,310.4037558685446,416.6372456964006,3195.0,214.3086578651014,0.8741808601711772,1.3341056971776137,0.6619298423383608,0.9806629834254144,384,276,448,344,90.98116151592268
21,6,687.8967808623745,440.19565859421147,6772.0,310.73506473629425,0.8813456918385535,1.0923209690189022,0.4023593150133109,0.9843023255813953,393,643,488,737,98.12695956997662
21,7,399.67678847143594,434.18425115800306,1943.0,164.36753236814712,0.9037547528117932,1.2387456899074123,0.590184765674391,0.9788413098236776,407,377,461,423,90.69452738464729
21,8,772.4366580487141,490.0144237311199,7349.0,350.5929291125633,0.7513318606500216,2.076564722446679,0.8764106137120593,0.9815680512889008,422,738,559,807,98.12695956997662
21,9,324.56760339342526,516.7380699893955,3772.0,285.60512242138304,0.5810982443347177,2.8465797490295643,0.9362634060158692,0.9425287356321839,473,285,573,367,64.75333721214984
21,10,434.2932647333957,518.0126286248831,4276.0,262.97770542341357,0.7769797447022612,1.9089311924083932,0.8518084689225345,0.9811840293712712,475,395,560,476,90.16754537611033
21,11,260.4071326676177,507.9957203994294,3505.0,232.99494936611666,0.8113437078863619,1.5855836203214337,0.7760408869394794,0.9741523068371317,482,218,536,303,64.75333721214984
21,12,707.4243848493227,569.6349184406968,7234.0,337.4041122946064,0.798523359946045,1.6082037389356825,0.7831667338910036,0.9835486063902107,523,649,617,764,102.7911418574094
21,13,376.0395389787098,586.83624139587,6247.0,300.3919189857867,0.8699712073327989,1.1744780543694109,0.5244486998891535,0.9823871677936783,538,336,637,422,86.96616461260761
21,14,980.827843231546,580.7773503245973,4159.0,268.24978336205567,0.7263066567556619,2.081151550711883,0.8769929677386284,0.9808962264150943,542,938,622,1024,204.88179754934475
21,15,621.9626661810235,633.8794390821344,5491.0,311.492424049175,0.7111583781710833,2.0667846245142427,0.8751546211957393,0.9789623818862543,575,590,698,655,63.01268895350113
21,16,562.9623623011016,611.7533659730722,3268.0,222.0660171779821,0.8327750496432721,1.1981940759898477,0.5508726148923069,0.9775650613221657,577,529,645,595,63.01268895350113
21,17,569.2280035730237,682.8334077713265,4478.0,259.66399692442883,0.8345848133346628,1.3458847966360443,0.6692851507887065,0.9703141928494041,644,530,722,613,71.35566272265991
21,18,713.0745248416139,687.552017339113,5998.0,348.60512242138304,0.6202243272668061,1.7886318734841549,0.8291093077614462,0.950856055802156,650,656,728,773,105.74552683371012
21,19,1016.9937984496124,782.4418604651163,645.0,126.42640687119285,0.5071004411365068,3.166457370267962,0.948822335793319,0.9699248120300752,753,1007,810,1024,56.48600967276475
21,20,223.66480419784278,890.010057331649,20582.0,761.0924958366747,0.44650112555586535,2.558057317529889,0.9204239564999495,0.752513619246097,755,126,1023,313,132.3471316049902
21,21,821.4005813953488,806.9593023255813,3440.0,230.93607486307093,0.8105592133079769,1.5462307292614765,0.7627156221310896,0.9808953521528372,772,789,851,855,63.91251113615936
21,22,882.4384178114638,825.9116532449076,4222.0,253.1787155501902,0.8277014357389986,1.4524226452313593,0.7252317596294959,0.9802646853958672,785,845,866,921,63.91251113615936
21,23,987.6408243375859,830.7023225384364,3057.0,206.55129855222071,0.900428937008025,1.2294181806329938,0.581714720212418,0.9832743647475073,801,955,864,1021,56.48600967276475
21,24,740.4194535073409,853.2589722675367,4904.0,265.7228714274745,0.8727753098332002,1.0461136412776633,0.29363019835478804,0.9809961992398479,811,703,890,782,93.2823804946459
21,25,466.22497737556563,911.5449773755656,5525.0,418.0071426749364,0.3973513937931997,2.1195460445840935,0.8817060575677461,0.7475307806792044,860,433,1022,504,230.52247383744196
21,26,920.5422232824427,930.03125,4192.0,247.7228714274745,0.8584182204055776,1.2437917433181749,0.5946386033585946,0.9801262567220014,891,886,974,952,92.20106425309282
21,27,806.4765501165501,950.3284848484849,10725.0,464.75945135393374,0.623951314759159,1.2131249459039661,0.5661279235300308,0.8518665607625099,897,732,1023,887,71.5511785937652
21,28,706.6358806702084,964.737365481542,7341.0,366.3624817342638,0.6872948719690227,1.665221618394916,0.7996092335188871,0.9460051546391752,919,638,1008,770,56.74590012205592
21,29,859.1164057181757,998.791014295439,2938.0,214.39696961966996,0.803201240163844,1.161880172646859,0.5091565066493678,0.9747843397478434,969,827,1024,891,71.5511785937652
21,30,158.09781357882625,1004.9741081703107,1738.0,208.99494936611666,0.5000207811486759,2.1256840842824047,0.8824336945964715,0.924468085106383,979,131,1023,202,132.3471316049902
21,31,674.084859312193,1011.218847699866,2239.0,247.53910524340097,0.45917297986995415,3.8003355495222673,0.9647591155733585,0.9572466866182129,996,627,1024,734,56.74590012205592
22,1,848.4907377315567,20.77315567110822,3077.0,245.23759005323592,0.6429293929126658,1.9869123442313807,0.8641155520341748,0.980248486779229,0,813,56,903,91.91935702552486
22,2,923.8302682638772,73.43360890838535,5927.0,304.6761902332486,0.802357207988829,1.6840105360335536,0.8045975382922417,0.9793456708526107,26,875,122,972,91.91935702552486
22,3,988.2813245033112,180.51258278145696,3775.0,229.6223663640862,0.8997014978705407,1.140010123259867,0.4801522020899171,0.9815392615704628,145,954,218,1023,124.97937948353176
22,4,584.7364176570459,419.3544142614601,7068.0,319.7056274847714,0.8689721207717219,1.3207092187306495,0.6532191021209489,0.987012987012987,375,532,465,639,105.62128543302508
22,5,309.28252427184464,418.3417475728155,3090.0,210.89444430272832,0.873047886528975,1.3556505753757546,0.6751797836237727,0.9806410663281498,386,278,451,343,95.79577340332301
22,6,688.2541825653067,440.328881714118,6814.0,312.04877323527904,0.879360662941134,1.1169489379076294,0.44547159081634685,0.9852515905147484,393,643,492,736,98.91921055795946
22,7,403.5957559681698,435.12997347480103,1885.0,161.78174593052023,0.9050283478142342,1.141447535984217,0.4821647509640515,0.9802392095683827,410,381,460,430,89.47468305333216
22,8,773.573981871569,490.38427167113497,7833.0,357.22034611053283,0.7713751017638698,1.9626002961479532,0.8604540169511615,0.9852830188679246,421,736,559,811,98.91921055795946
22,9,318.3863799283154,525.3897252090801,4185.0,334.9604614807105,0.46872512537850985,3.77853045366028,0.9643436671459482,0.8804965285083105,473,270,591,365,66.56436807903093
22,10,434.4451744449479,519.1182600815587,4414.0,263.32085117392114,0.799966300687302,1.8205897073272812,0.8356432470130237,0.9821984868713841,476,396,562,475,82.80559276723983
22,11,253.21087134662662,511.8631521442229,3661.0,230.5512985522207,0.8655146983581383,1.4429192424021624,0.7208996327791652,0.9794007490636704,484,212,542,295,66.56436807903093
22,12,540.2518749115608,585.3691806990237,7067.0,366.5756851698602,0.660872446475909,2.0997167589356294,0.8793073691478576,0.9499932786664874,527,485,645,589,92.58721972866097
22,13,711.6433274449976,573.1233338686366,6227.0,309.1198410471445,0.818907723017935,1.5785218602700768,0.7737393694305077,0.9838837099067783,530,659,616,764,103.34968974808511
22,14,981.3726333907057,574.888339070568,4648.0,268.35028842544403,0.8110952360514037,1.5907671220861817,0.7777065216845017,0.9816261879619852,536,939,616,1023,213.89451094035516
22,15,378.5523678522303,580.2145804676754,5089.0,267.4213562373095,0.8942318638355642,1.1685831218641303,0.5174107805397452,0.9841423322374783,538,339,620,422,81.39846962312375
22,16,619.2786383629757,633.609868043603,5229.0,301.1787155501902,0.7244025196709248,2.0682743643932993,0.8753472063662106,0.9801312089971884,576,589,697,649,71.07809406284969
22,17,568.3684210526316,683.2107271996786,4978.0,275.8061325481597,0.8223504214442574,1.4325737882561087,0.7160545532945817,0.966789667896679,641,528,724,618,71.07809406284969
22,18,710.0412467775955,686.8593859854699,4267.0,276.1076477383248,0.703356709645611,1.9795214399527372,0.8630183314509494,0.9651662519791903,655,663,722,762,105.23004441349823
22,19,1017.5318275154004,785.7043121149898,487.0,113.46194077712559,0.47537726683528175,2.8746225964532273,0.9375421291389671,0.9258555133079848,760,1008,811,1024,55.93304219285421
22,20,240.30156895127993,851.2564822460777,12110.0,526.541197284454,0.5488950242491568,2.760936201866851,0.9321019634824078,0.910389415125545,761,172,946,311,117.07435825655025
22,21,821.3268206039077,808.2728241563055,2815.0,203.7228714274745,0.8523317873096105,1.4268432405238987,0.7133108076089777,0.9774305555555556,778,790,841,854,63.679562645813846
22,22,881.8810051736881,827.9775806848977,4059.0,251.96551211459376,0.8034275393770234,1.4695474767448253,0.7327651799615901,0.9759557585958163,788,842,864,918,63.679562645813846
22,23,986.8290985033067,832.457361642882,2873.0,199.58073580374355,0.9063756950252833,1.184860153913787,0.5363723509601608,0.9825581395348837,804,956,864,1018,55.93304219285421
22,24,743.8292483660131,855.405841503268,4896.0,265.86500705120545,0.8704201053332914,1.197319981714215,0.549948415912031,0.9817525566472829,812,705,893,785,90.70498898625563
22,25,462.5843977205738,918.0960896050304,5089.0,390.6761902332485,0.4189946011420053,1.74025593165491,0.8184146381620949,0.7053361053361054,871,423,1018,505,232.1146033268441
22,26,921.9770957398076,928.3394411360513,4366.0,255.7228714274745,0.8389854915778402,1.3355143967858727,0.6628240842388334,0.9837764758900406,887,887,975,952,92.12302966405962
22,27,194.0206736353078,958.7947735191638,8610.0,438.51681066681454,0.5626528484304566,2.5195465008651223,0.9178632318568738,0.8533201189296333,895,124,1023,260,56.41075389600478
22,28,807.7982566585956,952.1786924939468,10325.0,449.0315292925759,0.6434965919735398,1.1128072685911992,0.4387110055705709,0.8858098833218943,898,742,1024,887,69.40807780979188
22,29,710.2739195603298,964.0713215088683,8006.0,413.9898987322333,0.5870106230442562,1.5623188334177442,0.7683130872325756,0.9077097505668934,915,639,1016,775,55.31808078160376
22,30,860.6919792619701,997.1201585849344,3279.0,228.12489168102786,0.7917825561227951,1.1713248112037253,0.5207091218324683,0.9724199288256228,962,827,1024,894,69.40807780979188
22,31,160.0863481228669,1003.8573378839591,2930.0,271.6162697096763,0.499075124129398,2.3803242757388077,0.9074728056754564,0.9190715181932246,969,124,1024,223,56.41075389600478
22,32,678.75,1009.5282522996058,3044.0,301.3025612106915,0.4213556922442525,3.5816382223453465,0.9602324352559768,0.9331698344573881,991,625,1024,751,55.31808078160376
23,1,842.2289087244458,22.22602936942125,3473.0,255.2731239591687,0.6697372598931068,1.8604869029335294,0.843267760710876,0.9722844344904815,0,806,59,899,98.77371372962139
23,2,926.5664907202452,73.64021794653499,5873.0,299.1198410471445,0.8248584393456924,1.5417125833603464,0.7611044555524056,0.9850721234485073,28,880,121,974,98.77371372962139
23,3,989.5350901525659,183.67933425797503,3605.0,227.48023074035524,0.875442875841877,1.3216364517664707,0.6538343452121619,0.9830924461412599,147,960,225,1020,126.78190577945534
23,4,588.2023043036259,413.73009149440867,5902.0,292.19090885900994,0.8687116997234802,1.2191979006941256,0.572060558149817,0.98383063843974,373,540,458,639,104.42507774263821
23,5,310.41473437041384,418.1775755796889,3407.0,221.1370849898476,0.8755054152585091,1.386428753749952,0.6926461058715296,0.9841132293471981,384,279,454,345,97.4882024445896
23,6,689.840327533265,437.6948384266706,6839.0,315.1787155501902,0.8651446074979569,1.2036645234756373,0.5565766369806093,0.9802207252400745,393,644,488,736,99.33771340952296
23,7,406.7059382422803,433.40760095011876,2105.0,173.78174593052023,0.8758982364691982,1.2675998497928815,0.6145312372006313,0.9790697674418605,411,381,459,438,90.36272354069187
23,8,773.6628209899516,491.00310135218956,8061.0,361.4629867976521,0.7753023840251428,1.9098677248091245,0.8519663936962448,0.9825694783032667,422,734,559,813,99.33771340952296
23,9,307.47305739945335,542.914096056228,5122.0,411.5290039756343,0.38005682855557227,5.031070179278795,0.9800472066464491,0.8494195688225539,474,251,626,363,64.27381755960224
23,10,433.41101003032423,519.7340797760672,4287.0,260.2497833620557,0.7953945194195888,1.8345776180228708,0.838381048840763,0.9823556370302475,479,394,563,472,86.08272762443912
23,11,248.81553689262148,516.6382723455309,3334.0,229.48023074035524,0.7955819176746911,1.6904518175463568,0.8062625750955635,0.9734306569343065,492,207,544,294,64.27381755960224
23,12,549.4698932060895,593.1152010906612,4401.0,305.27922061357856,0.5934262374261112,1.964572173652753,0.8607566568476575,0.926916596461668,531,517,641,584,77.01202121518817
23,13,715.9330909090909,575.2652727272728,5500.0,285.56349186104046,0.8475536251951021,1.5269979881521445,0.755733130894453,0.9838998211091234,536,668,615,766,102.14125151011672
23,14,376.53329684364166,584.349571246123,5481.0,278.0071426749364,0.8911642537516069,1.088046428260746,0.39407466889727244,0.9849056603773585,540,337,626,421,80.53704288276933
23,15,976.895570548548,573.0102669404517,3409.0,234.93607486307093,0.7761353208576535,1.8041947986911633,0.832341010104555,0.9762313860252004,540,938,606,1018,211.7714611332368
23,16,618.2657885239986,627.7269938650306,5542.0,315.76450198781714,0.6984732444144083,2.2273496977447023,0.893549807256981,0.9734761988406815,567,589,696,648,74.79055030347615
23,17,567.8649027861295,682.9843656043295,4989.0,272.49242404917493,0.8443344380209975,1.3995623467938771,0.6996261712579998,0.975366568914956,644,526,723,616,74.79055030347615
23,18,719.9938049807954,707.8487176310247,8071.0,369.43354954612926,0.7431295755042758,1.2506549613933635,0.6005582017681965,0.9495294117647058,657,662,765,770,129.49162116318018
23,19,222.7983637450016,898.421519510962,21757.0,778.0630585851518,0.4516263612820568,2.1545881992106772,0.8857692868639674,0.7702138204474653,759,124,1023,311,128.00204061532642
23,20,1020.743119266055,780.1926605504588,109.0,65.65685424949238,0.3177431670654668,8.426834527340315,0.9929339262227038,0.9396551724137931,763,1019,796,1023,64.93671197942471
23,21,822.6777020447906,812.5856864654334,2054.0,172.50966799187808,0.8673281151025426,1.4171902491397936,0.7085888853922377,0.9748457522543901,786,796,840,849,60.77984393429079
23,22,880.5221774193549,831.2459677419355,3472.0,234.06601717798213,0.7963662564673115,1.4768821867827553,0.7358891042790255,0.9783037475345168,795,843,863,914,60.77984393429079
23,23,986.3885420492104,835.2974660301138,2723.0,195.7228714274745,0.8932527216451454,1.1691909712052981,0.5181458603744837,0.9794964028776978,807,955,865,1020,64.93671197942471
23,24,741.2982885085574,857.0666259168704,4908.0,264.2081528017131,0.8835314000632771,1.0961915006596057,0.40963532161513827,0.9819927971188476,814,706,896,783,92.74245479813256
23,25,457.2461091512762,928.5575845611122,4819.0,385.747258045114,0.40696878061027975,1.7325439258493032,0.8166127521394964,0.6951817657241778,879,406,1010,495,236.37666497095736
23,26,923.325715660332,927.8681741640606,4157.0,247.62236636408616,0.8519422360291883,1.3450410361610532,0.668767352146793,0.9832071901608326,887,890,974,954,94.38707252140576
23,27,814.1429586038961,954.0943587662338,9856.0,429.9898987322333,0.6698754352360988,1.2075141404651821,0.5605100059213514,0.882600519387481,901,755,1024,886,64.80941614714476
23,28,713.2304077225962,961.376476565477,7873.0,402.2914139223983,0.6113199773627173,1.5692817686087932,0.7706702176780721,0.9034886389717696,913,639,1007,774,62.32624095707363
23,29,861.0605462323133,998.8045409674235,3039.0,217.4680374315355,0.8075133181969604,1.244272884730339,0.5950587213664854,0.9800064495324089,967,827,1024,893,64.80941614714476
23,30,155.82301845819762,1007.5032573289902,1842.0,199.78174593052023,0.579946432840345,1.9635093952393856,0.8605936702057958,0.9436475409836066,983,127,1024,203,128.00204061532642
23,31,680.1361221779548,1014.1905710491368,1506.0,222.8822509939086,0.38096393627279135,4.729867650381897,0.9773947851945124,0.9400749063670412,1004,635,1024,731,62.32624095707363
24,1,847.9672174840085,21.65911513859275,3752.0,277.82337649086287,0.6108507668598316,2.2246604373487577,0.8932769080424772,0.9469964664310954,0,807,58,911,94.14067702434156
24,2,926.4414108868916,73.66169238595896,5897.0,298.2914139223983,0.8328359937001417,1.535435193209066,0.7588365188125118,0.9826695550741543,28,881,121,974,94.14067702434156
24,3,990.5462427745665,183.85953757225434,3460.0,220.55129855222071,0.8938542810991364,1.1965532610130352,0.5491347928754378,0.981838819523269,149,960,223,1022,127.48723291000469
24,4,590.5372367745249,415.6688923129601,5841.0,290.5929291125633,0.8692145453021943,1.0921852189906875,0.40210031736509133,0.9811859566605073,375,547,459,638,103.33564858567075
24,5,311.99706227967096,420.7931844888367,3404.0,223.1370849898476,0.8591241058486021,1.4465138180758779,0.7225513245768489,0.9801324503311258,386,281,457,347,96.06806479482394
24,6,692.0773536165327,434.8485935706085,6968.0,318.2497833620557,0.8645333927513124,1.3012461323391964,0.6398568505142528,0.9861307670534956,393,643,483,744,99.48304369065971
24,7,407.2898345153664,432.97352245862885,2115.0,176.0243866176395,0.8577773147624081,1.3639923484730039,0.6800756517149836,0.9782608695652174,411,380,458,440,92.40040478646249
24,8,773.2034194434044,492.42842880319483,8013.0,362.04877323527904,0.7681938858660955,1.8860770842988122,0.8478719684940206,0.9807833537331702,424,732,560,812,99.48304369065971
24,9,306.8344451182535,544.4083282797656,4947.0,397.7716446627536,0.39290190306549333,5.310335162457535,0.9821092500133196,0.8741827177946634,476,248,619,363,68.44258480171733
24,10,435.2364543726236,521.0463403041825,4208.0,258.14927829866735,0.7934942146857573,1.7851037134518426,0.828363107244882,0.979743888242142,480,396,563,476,86.47625376518683
24,11,242.47278253661233,521.1282122133186,3619.0,237.4802307403552,0.80638700912462,1.5700822420132687,0.7709387321500389,0.9718045112781954,493,202,551,287,68.44258480171733
24,12,547.3921643210347,587.7928870292887,5258.0,304.35028842544403,0.7133177162556829,1.8969154100462686,0.8497588282770081,0.9635330767821148,530,514,640,585,78.78805187262626
24,13,718.3818991569906,577.8255129632576,6287.0,308.63455967290594,0.8294003500593493,1.564861272038244,0.769178253686406,0.9844973379267147,536,667,619,773,101.47936277664793
24,14,376.06855216332644,584.1121932946245,5339.0,273.0782104868019,0.8996957904192586,1.0636667312843662,0.34077716236211136,0.9868761552680222,541,335,624,421,79.81076666369495
24,15,979.1883333333334,577.7675,3600.0,238.93607486307093,0.7924081155211221,1.8179709611044332,0.8351226407542277,0.977464023893565,542,942,615,1018,205.89664900499673
24,16,618.8783006093432,620.9182464454976,5908.0,325.96551211459376,0.6987262259329085,2.4549573823784883,0.9132770121798671,0.9757225433526011,556,591,689,646,78.78805187262626
24,17,568.1927835051547,683.9678350515464,4850.0,268.9360748630709,0.8426621334614961,1.4184709487499043,0.7092227345013105,0.977428456267634,647,526,723,614,80.89667649236888
24,18,720.4988985507247,710.7318260869565,8625.0,368.71782079359116,0.7972246363391804,1.4237054620212988,0.7117898665770688,0.9720500394455088,656,660,769,777,132.9231723762557
24,19,1019.6230158730159,779.6547619047619,252.0,80.00609665440987,0.49472543581693335,3.9131222190924726,0.9667957314304597,0.9509433962264151,760,1015,798,1024,63.05184756139568
24,20,821.456421202419,810.0981856990395,2811.0,207.03657992645927,0.8240935972138018,1.4500254935258343,0.724149478580039,0.9797838968281631,778,792,848,853,62.927159739755105
24,21,217.8691392923287,908.1462618188907,20518.0,728.4234482783626,0.48593373990253125,1.8502856286771674,0.8413715742807788,0.7851976579541541,786,123,1023,300,116.27952327761945
24,22,881.1072429906542,830.1383177570093,4280.0,266.06601717798213,0.7597571849845962,1.503313744935801,0.7466677763031582,0.9709618874773139,788,839,867,916,62.927159739755105
24,23,986.3488448844885,833.2118811881188,3030.0,204.55129855222071,0.9100138681057579,1.1816621714923043,0.5327612982745111,0.9821717990275527,803,954,865,1020,63.05184756139568
24,24,739.1673712528824,858.7924673328209,5204.0,276.1076477383248,0.8578083705169346,1.111877978746405,0.43716923101578403,0.9817015657423128,812,702,900,781,95.61705290076328
24,25,922.0850183823529,926.5101102941177,4352.0,253.66399692442877,0.8499259477770603,1.3644065087925341,0.6803154803968725,0.982392776523702,882,887,974,954,97.82462302518306
24,26,451.3074661963551,936.4040760337057,5103.0,413.9898987322333,0.3741587820877891,1.6280698612173858,0.7891315243699351,0.6468500443655724,888,394,1023,493,235.1424175514705
24,27,819.2392279603547,954.2902451747523,9585.0,409.9482681718907,0.7167106684005231,1.285585300100828,0.6284427839658966,0.8957106812447435,900,770,1024,888,60.33349257939424
24,28,715.9499126383226,961.2455445544555,8585.0,408.2497833620557,0.6472890162737931,1.7186086271098677,0.8132846419911981,0.9110686617849941,918,639,1006,777,64.64372144639631
24,29,858.0616852146264,1000.4740858505564,3145.0,226.36753236814712,0.7712625439526514,1.4605644392332608,0.728856196365544,0.9800560922405734,971,816,1024,893,60.33349257939424
24,30,159.32707774798928,1008.6139410187668,1865.0,207.78174593052023,0.5428425947995458,2.2804113079171,0.898722707172889,0.9362449799196787,985,128,1024,210,116.27952327761945
24,31,676.0913636363637,1012.1386363636364,2200.0,238.8111831820431,0.4847560346127916,4.027581687135944,0.9686862722024162,0.970873786407767,997,628,1024,734,64.64372144639631
25,1,857.8172110552764,12.994346733668342,1592.0,174.46803743153546,0.6572357458334392,2.118995925968648,0.8816405050768109,0.9731051344743277,0,829,34,895,89.05014822163893
25,2,924.2864385297845,72.2545416138572,4734.0,270.492424049175,0.8130699414249718,1.6128190610164166,0.7845762418066733,0.9813432835820896,29,881,113,965,89.05014822163893
25,3,993.8179465056082,184.01639344262296,2318.0,179.58073580374355,0.9032413314941513,1.2260742308121728,0.5786002105994821,0.9813717188823031,156,968,215,1021,131.62576543210312
25,4,592.7681447165232,417.3701742775204,4533.0,263.4213562373095,0.8209063597628226,1.4050492026091912,0.702464434163118,0.9665245202558636,379,553,457,637,98.61295696889998
25,5,312.0762665198238,425.57406387665196,3632.0,232.20815280171308,0.8464489614552045,1.4959143603076217,0.743723408175363,0.9797680064742379,388,281,465,347,95.64027925336919
25,6,690.2275951932821,432.40915013754164,6907.0,321.56349186104046,0.8393939757185794,1.3645433539536624,0.680394657049969,0.9861507709880069,392,635,478,744,98.61295696889998
25,7,407.39553429027114,433.4035087719298,1881.0,164.36753236814712,0.8749164642506346,1.3797589558981138,0.6889969121824279,0.9786680541103018,413,381,456,438,90.72514280371483
25,8,773.0423506690578,494.63277693474964,7249.0,341.56349186104046,0.7808094739986127,1.9013991771794088,0.8505287898584232,0.9849184782608695,429,735,560,809,99.75644779819544
25,9,304.1222053808261,548.1127320954907,5278.0,419.91378028648444,0.37614820677148175,5.571592640548604,0.9837612767883629,0.8860164512338425,474,235,619,362,69.0466846713309
25,10,434.3857378206637,520.0209461049659,4249.0,261.8061325481597,0.7789991155902611,1.8797718117789768,0.8467572558744951,0.9790322580645161,480,392,560,478,88.05331802383985
25,11,239.77833472570316,523.0665552770816,3591.0,237.62236636408616,0.7991910950986567,1.5762043364445375,0.7729757986550924,0.9790076335877863,494,201,554,286,69.0466846713309
25,12,717.2525679758309,577.330110775428,4965.0,269.6639969244288,0.8579918889981855,1.4724626890405925,0.734013982531507,0.9833630421865716,539,674,616,764,99.75644779819544
25,13,977.1615779519049,576.6355039178601,3701.0,240.45079348883235,0.8044082571848569,1.759100544768251,0.8227023766713923,0.9811770943796394,541,940,612,1017,207.58234715754372
25,14,374.6014221556886,584.6678517964071,5344.0,274.3919189857866,0.8919359721049237,1.050346124924873,0.3058892241225499,0.9848875783265757,542,332,626,420,79.39519364260279
25,15,617.6300375469336,620.8823529411765,3995.0,268.651803615609,0.6955800644698128,2.308676424872944,0.9013225148588299,0.9748657881893606,569,594,676,643,74.27981600457291
25,16,544.4776766363242,607.9895968790637,2307.0,194.82337649086284,0.7637923897460487,1.3905858504960193,0.6948844919741255,0.9576587795765878,575,520,638,574,74.27981600457291
25,17,566.8957631198845,682.5941261434762,4154.0,249.62236636408616,0.8377402160987324,1.3679388889543802,0.6823487418354909,0.9801793298725814,649,528,720,609,77.8999768186677
25,18,710.6231122783979,686.3703217334208,1523.0,148.12489168102786,0.8722755028136764,1.268936001528374,0.6155961226939775,0.9682136045772409,666,688,709,735,109.24155477018718
25,19,1019.7464788732394,779.8028169014085,142.0,66.76345596729058,0.4003322609067285,4.091228553964163,0.9696681106646968,0.8765432098765432,764,1016,795,1023,61.398160759891915
25,20,823.420188960716,811.1143709597216,2011.0,173.75230867899737,0.8370680523721843,1.5639534116798168,0.7688699138419899,0.9790652385589095,784,798,839,850,60.177541583536424
25,21,221.44907183212268,902.2721549636804,18585.0,705.7371567773473,0.46890672623413826,1.8006975746036282,0.8316231771751981,0.7764779611447671,786,126,1018,299,231.55633940332248
25,22,880.8,829.2498002663116,3755.0,241.23759005323592,0.8108300635355504,1.4853451331161602,0.7394202076094869,0.9740596627756161,789,845,866,912,60.177541583536424
25,23,986.1340759075907,831.1831683168317,2424.0,184.16652224137044,0.8980925740336008,1.1883651375792996,0.5402692559059092,0.9778136345300524,803,958,860,1015,61.398160759891915
25,24,737.2075969937031,860.5228519195613,4923.0,272.45079348883235,0.8334192849587118,1.130849584465894,0.4669363973725992,0.9789222509445218,817,699,900,780,99.36704184199864
25,25,921.9227217496963,924.3496962332928,4115.0,246.59292911256333,0.8503906272962,1.3054858616004992,0.6428425518712193,0.9818659031257456,882,888,970,953,99.71966403035422
25,26,450.7316419141914,934.6425330033003,4848.0,358.8772003600252,0.47302134499492177,1.5123892781958228,0.75020489333009,0.7502321262766946,891,402,1017,489,231.55633940332248
25,27,823.285821939929,955.9528474539778,9289.0,402.3919189857867,0.7209087985280374,1.4056131147525934,0.7027536098217213,0.9108648754657777,902,777,1024,890,57.79511321277291
25,28,722.2932734306752,963.2025458629727,8013.0,385.62236636408613,0.6771432850124788,1.7978984207818927,0.8310451578345724,0.9280750521195275,924,643,1005,779,67.13511569234133
25,29,858.8008705114255,1001.5484221980413,2757.0,216.64570696119915,0.7381531121318238,1.4152260351452945,0.7076122937530085,0.97009148486981,972,818,1024,892,57.79511321277291
25,30,678.7633209417596,1014.3128872366791,1614.0,223.88225099390857,0.4046448941430735,4.714319381229932,0.9772436922427981,0.950530035335689,1003,633,1024,732,67.13511569234133
26,1,854.8731739707836,12.365205843293493,1506.0,171.81118318204307,0.6411091550198302,2.2869540274097004,0.8993337610234541,0.9660038486209108,0,826,32,893,92.48612162341193
26,2,926.9501943634597,70.31851311953353,4116.0,253.32085117392117,0.8060154245419949,1.5028235978210494,0.7464744375886091,0.9753554502369668,31,887,109,967,92.48612162341193
26,3,994.6663701067615,177.63256227758006,1124.0,124.22539674441617,0.9152829879662444,1.0645115287520432,0.34282852785875606,0.9672977624784854,160,976,198,1015,126.89281147485609
26,4,592.0778997202497,417.99548095545515,4647.0,266.49242404917493,0.8222668881435564,1.45984372794136,0.7285385283383485,0.9721757322175733,379,552,458,638,101.12985032183869
26,5,313.7797892461497,428.35557957308833,3701.0,233.86500705120545,0.850351460055954,1.5598254123313235,0.7674595345108775,0.985881726158764,390,283,469,349,97.31829718094919
26,6,692.3746074472858,430.9499027964708,6687.0,316.63455967290594,0.8381554189666468,1.3596754159652291,0.6775576701728888,0.9851208014142605,390,638,476,746,99.47317681150248
26,7,411.006519558676,432.5762286860582,1994.0,171.1959594928933,0.8549643325927082,1.5025229094946457,0.7463557124992132,0.9764936336924583,412,382,454,444,90.38998660189381
26,8,771.2342353081416,491.5805221122899,8389.0,363.01933598375615,0.7999457627119319,1.719049009048038,0.813391267371697,0.9833548235845739,424,730,561,812,99.11601263549349
26,9,301.4949438202247,550.3771535580524,5340.0,443.0853531617383,0.34180336423883506,5.12773818957216,0.980799711700068,0.7751487879227754,475,218,615,361,68.22748305070289
26,10,434.93560953253893,519.7412923923007,4364.0,265.8061325481597,0.7761838690737699,1.9199833865101132,0.8536556356935341,0.9762863534675615,478,393,561,478,90.38998660189381
26,11,238.65264100268575,523.8096090719189,3351.0,225.9655121145938,0.8247075519115151,1.4814257860737858,0.7377945108028848,0.9815465729349736,495,203,554,283,68.22748305070289
26,12,977.0663727651237,576.4543228018614,4083.0,251.7645019878171,0.809469057322488,1.754144569106654,0.8215902700958629,0.9826714801444043,538,939,614,1019,208.7083305716891
26,13,716.8011123470523,574.4117908787541,4495.0,257.6639969244288,0.8508090119333908,1.5089214159002586,0.74886282213243,0.9835886214442013,540,673,609,764,99.11601263549349
26,14,375.28152156091164,588.8873585833743,6099.0,293.1198410471445,0.8920271326039977,1.02627289894141,0.2248226719956008,0.9872126901910003,542,332,635,423,83.23157421180234
26,15,537.6357940615636,591.4649959139199,3671.0,247.86500705120545,0.7508683721754897,1.7919216257076864,0.8298005187342494,0.9786723540389229,544,511,635,572,94.54536385164602
26,16,566.0840506329114,681.6288607594937,3950.0,240.5512985522207,0.8578108760941885,1.2873349174172357,0.6297490680203837,0.981610337972167,649,529,719,605,94.54536385164602
26,17,712.3008196721312,687.2803278688525,1220.0,137.05382386916236,0.8161826913944094,1.2774687605297521,0.6222758873098948,0.941358024691358,667,696,711,732,112.95821916286197
26,18,225.67183548833438,892.4362326446873,20959.0,758.222438151586,0.45812833857321333,2.1127478216973232,0.8808920341807736,0.7625891427739776,759,126,1012,311,135.7475252243895
26,19,1018.907063197026,780.9256505576208,269.0,87.2842712474619,0.4437007507035134,3.9193235412821936,0.9669025197937184,0.8762214983713354,760,1013,800,1024,57.91507322729956
26,20,825.3752222880854,809.026674570243,1687.0,159.4386001800126,0.8339461366932792,1.649961395264316,0.795407664936275,0.9757085020242915,782,802,835,848,59.625070960198684
26,21,882.4643403734312,826.2307927762473,3267.0,217.82337649086284,0.8652667733828694,1.446825109846728,0.7226936060153684,0.9813757885250826,789,853,862,912,59.625070960198684
26,22,984.8496283590623,827.7684391080618,1749.0,159.29646455628165,0.866138611195239,1.2416373846578548,0.5927478172059306,0.9625756741882223,804,961,852,1009,57.91507322729956
26,23,736.9839321580005,859.844008033921,4481.0,259.1370849898476,0.8385436406749104,1.19972002773541,0.5524775109847517,0.9775305410122164,818,700,898,775,101.95794010875022
26,24,922.8129564941252,922.2137186408384,3149.0,216.06601717798213,0.8476363869922372,1.1927217566144228,0.5450269711794931,0.9728143342601174,888,891,959,952,103.11500960944426
26,25,442.62097476066145,940.1577458659704,4596.0,339.3624817342638,0.5014899450111273,1.3607685827391287,0.678198445237746,0.7454987834549879,899,394,1011,488,222.13570594376012
26,26,819.7954781704782,958.381237006237,7696.0,387.7766952966369,0.6431488725955816,1.5591686793235076,0.767233880228338,0.9048794826572605,904,778,1023,877,55.44861353515607
26,27,725.6659127195317,963.7123469930814,7516.0,381.86500705120545,0.6477044933425833,1.857563303922936,0.8427279566978977,0.915468940316687,927,645,1003,784,94.28041061469693
26,28,855.7799773755656,1000.5673076923077,1768.0,186.30256121069152,0.640109796435953,1.78827373076697,0.8290337930321326,0.9444444444444444,981,817,1017,887,55.44861353515607
26,29,154.6887716654107,1008.1461944235117,1327.0,158.12489168102786,0.6669300790184451,1.7912710448622902,0.8296641726140963,0.962291515591008,987,131,1023,190,135.7475252243895
27,1,850.0070654733867,18.1205840791333,2123.0,204.50966799187808,0.6378699908204649,1.8662209467679791,0.8443181278297058,0.9667577413479053,0,823,48,893,94.00470036615478
27,2,927.2596254996844,71.68293709236272,4753.0,272.492424049175,0.8043939835465623,1.6236540609961205,0.7878284496093654,0.9751743947476406,29,886,115,968,94.00470036615478
27,3,995.072463768116,172.97722567287784,966.0,113.98275605729688,0.9343480483317305,1.0459402567357112,0.29311382588322715,0.9737903225806451,156,978,191,1014,121.89796525394974
27,4,694.0371162364441,431.41683213685656,6547.0,310.97770542341357,0.8507338148692857,1.2687614047923113,0.615457268273161,0.9842152736019242,388,648,480,746,99.35441755379185
27,5,590.771544099065,420.4680313368714,3957.0,252.35028842544403,0.7808512383633487,1.5510471195965547,0.7644139727975857,0.9665363947239863,389,552,456,637,103.84437696773968
27,6,311.1302313491032,432.90382115934494,3847.0,241.86500705120545,0.826391747669559,1.6488019881784326,0.7950827486439368,0.9841391660271169,392,282,477,346,99.90962661220105
27,7,411.03966597077243,433.0996868475992,1916.0,170.12489168102783,0.831897167097535,1.6235522165035585,0.7877982449064552,0.9790495656617272,414,382,453,445,88.17591478996519
27,8,770.5639057239057,494.7804713804714,7425.0,339.4629867976521,0.8096950156594048,1.6945145592881896,0.80730127769011,0.9852707006369427,432,732,561,809,99.31332816415575
27,9,307.82218941151655,544.2598607888631,4741.0,375.87214972614186,0.4216960409363018,4.978114892389308,0.9796160093574041,0.9256149941429129,477,248,610,360,76.94555288180422
27,10,429.7531149053992,519.2669589293955,4334.0,263.22034611053283,0.7860675336540536,1.927302202497413,0.8548592349579012,0.980764878931885,481,385,560,473,84.97373234849009
27,11,232.3674832962138,529.1865256124721,3592.0,242.10764773832472,0.7700681751938335,1.5805839269500195,0.7744153219589959,0.9774149659863945,497,198,567,277,76.94555288180422
27,12,976.8740881699969,573.3631462099588,3153.0,223.6223663640862,0.7923249959100066,1.8178077408686784,0.835090107323186,0.9810205351586808,538,945,607,1015,220.7694004256396
27,13,716.520218579235,578.1016393442623,4575.0,259.4213562373095,0.8542588987245995,1.4546981325406934,0.7262526834140525,0.9836594280799827,543,673,615,761,99.31332816415575
27,14,376.9708700651591,585.8595247221158,5218.0,270.3919189857867,0.8968638573577528,1.083846107044192,0.38566182410146366,0.9865759122707506,544,337,629,422,80.69741058732309
27,15,536.1618086696562,592.737668161435,2676.0,214.23759005323592,0.7326636149558008,1.866232410818332,0.8443202168288061,0.9671123960968558,553,512,628,566,95.21650267152768
27,16,564.6951154052604,683.5783682232958,3726.0,231.03657992645927,0.8771850484983359,1.239723656471956,0.5910548382295197,0.9815595363540569,651,529,720,603,95.21650267152768
27,17,710.1382049245433,689.296266878475,1259.0,139.53910524340094,0.8125380853555405,1.2866602788604415,0.6292463275321146,0.9339762611275965,668,691,715,730,111.37762473118633
27,18,825.4311145510836,810.5441176470588,1292.0,142.78174593052023,0.7963922063651433,1.6723919615628537,0.8015364252748569,0.9648991784914115,787,808,838,845,58.401777376066555
27,19,224.15706357214935,900.7607467204843,19820.0,697.352380466497,0.5121638703245194,1.8284041305341872,0.837181582426568,0.8183657459019777,789,127,1014,306,128.33551783931898
27,20,879.424775583483,832.8028725314183,2785.0,200.99494936611666,0.8662929388118342,1.3995584835841697,0.6996241570333324,0.9782226905514577,800,850,864,909,58.401777376066555
27,21,985.2157655381505,833.6048509348155,1979.0,173.3380951166243,0.8276898300705712,1.1709285826001627,0.5202351672639896,0.96630859375,807,959,858,1014,105.79402972260812
27,22,734.5348427672956,859.525534591195,3975.0,240.99494936611666,0.8600646840853812,1.1762644813992418,0.5265422896012779,0.979064039408867,822,701,896,770,103.25362671619615
27,23,921.7928002198406,921.0469909315746,3639.0,229.6223663640862,0.8672884107949398,1.2924570207134327,0.6335275663280335,0.9819212088505127,882,890,962,952,97.8880684445648
27,24,440.10155735906994,938.223513928493,4559.0,319.90663761154804,0.5598000770076464,1.3197921873060232,0.6526087799327454,0.826205146792316,896,396,1009,474,219.16998727875776
27,25,817.5148212728858,956.3067422260971,6882.0,393.94826817189073,0.5572449495547918,1.6840124225543414,0.8045980292539487,0.8504695996045477,900,780,1022,876,58.69919511508045
27,26,729.910780669145,965.8855328376704,6456.0,360.79393923934,0.6232394258039916,1.7161223986828307,0.812680871426448,0.9045817570407735,930,651,1002,783,88.12616614650973
27,27,855.9205113952196,1000.698165647582,1799.0,180.64570696119915,0.6927646797605731,1.5248878323210011,0.7549468864362026,0.9254115226337448,978,819,1022,885,58.69919511508045
27,28,156.1733905579399,1009.6103004291846,1165.0,154.46803743153546,0.613562109503583,1.9592273055859954,0.8599339684441046,0.9549180327868853,990,133,1023,192,128.33551783931898
28,1,861.7057220708447,9.115803814713896,734.0,109.01219330881975,0.7761680625486946,1.7738839340950647,0.8259558958477916,0.9734748010610079,0,841,23,883,90.47533111343591
28,2,930.3201703445606,68.08904374758033,2583.0,191.58073580374355,0.8843630653474689,1.3096482998411203,0.6457324223043854,0.9791508718726308,38,901,98,959,90.47533111343591
28,3,987.2196339434277,158.28452579034942,601.0,91.01219330881975,0.9117697404284122,1.3596016171656902,0.6775143344002897,0.9724919093851133,143,976,175,1000,32.72276881447351
28,4,1002.6124031007752,187.1608527131783,516.0,83.35533905932738,0.9332386587913822,1.1182420233800359,0.44754623431982643,0.9699248120300752,176,991,201,1017,32.72276881447351
28,5,692.2662009512485,429.71804399524376,6728.0,312.73506473629425,0.8644555963984811,1.1090849739150306,0.43247866068626867,0.9790454016298021,384,645,478,741,102.80457573136438
28,6,586.5837887067395,423.32544019429264,3294.0,218.40916292848976,0.8677442610365291,1.1778499299918166,0.5283854669477586,0.9789004457652303,391,553,455,620,105.87557622593741
28,7,311.858550138924,435.69941904521346,3959.0,244.93607486307093,0.8292583589517493,1.6330749563732048,0.7905931720605403,0.9838469184890656,395,281,480,348,101.50022489630906
28,8,413.3434038267875,433.9330312185297,1986.0,173.78174593052023,0.826381899110607,1.621585836492861,0.7872137181921545,0.9768814559763895,414,383,454,448,85.70327707965843
28,9,771.0395738203957,495.7751141552511,7884.0,343.7056274847714,0.8386547167042067,1.5309262176448892,0.7571859863454325,0.9872276483846731,435,729,560,813,97.02516939018909
28,10,428.3875302930161,518.3055739149593,4539.0,268.2914139223983,0.7924219524027064,1.8350946863281714,0.8384808852054771,0.9740343347639485,480,381,559,473,85.49361582678753
28,11,306.29463243873977,544.9914430182808,5142.0,368.17366491630685,0.4766904979363406,3.93111288504292,0.9671041112912644,0.9159244745279658,483,254,612,360,71.11677717209025
28,12,236.0475240943835,533.9036224659355,3009.0,232.93607486307093,0.6968808744780292,1.3816204911268892,0.6900226655249471,0.9252767527675276,502,206,569,283,71.11677717209025
28,13,981.1586826347306,573.8316699933466,3006.0,221.03657992645927,0.7731620625042318,1.9228155565702807,0.8541232256352241,0.9756572541382668,539,949,608,1018,205.6859337112235
28,14,716.2434017595308,575.8454771035416,4433.0,256.5929291125633,0.8460932424812391,1.4865902271429807,0.7399332252077281,0.9827089337175793,541,673,611,761,97.02516939018909
28,15,378.1416758544653,587.4757442116869,5442.0,276.73506473629425,0.8929764763723621,1.0207607810310302,0.20065746469785337,0.9862268938021022,544,338,631,423,83.46803876618398
28,16,540.0524386805752,589.3549478432478,3547.0,238.79393923933998,0.7816718149431888,1.800397264214944,0.8315613120008475,0.9782129067843354,546,511,630,572,95.57927065015153
28,17,566.8958442924776,681.0873224618622,3802.0,232.45079348883235,0.8842191379800406,1.206795257152782,0.5597804324091893,0.9819214876033058,646,532,719,603,95.57927065015153
28,18,709.0767423649178,691.4338292873923,1277.0,141.88225099390854,0.7971583897426014,1.344455906238059,0.6684074611523123,0.9294032023289666,671,688,717,729,115.81031114480393
28,19,1021.0555555555555,775.6111111111111,72.0,50.44974746830583,0.3554875269031102,8.330723487497082,0.9927693468947605,0.8674698795180723,763,1019,789,1023,59.53223042000619
28,20,243.76713557137253,887.5306843019672,17843.0,659.1686142824235,0.5160415823152624,2.5448576833590697,0.9195601457280721,0.8626474569715722,779,172,1008,322,214.87480414677808
28,21,828.3451612903226,806.6870967741935,930.0,113.39696961966999,0.9088451940390325,1.3421052539120768,0.6669549492340147,0.9738219895287958,788,812,826,845,57.582358957673186
28,22,884.8066743383199,817.9930955120828,869.0,110.66904755831214,0.8916148555251192,1.157313991165635,0.5033721124450258,0.9666295884315906,802,868,833,903,57.582358957673186
28,23,985.1972010178117,823.1323155216285,786.0,105.49747468305833,0.8874589674559614,1.4296749138782967,0.7146720329831028,0.9727722772277227,808,969,840,1002,59.53223042000619
28,24,735.724236983842,856.5005385996409,2785.0,199.09545442950497,0.8829017428167248,1.1579578310282725,0.5041959044633685,0.9761654398878373,826,708,888,765,105.1666040427475
28,25,454.9023490584353,927.4443797320909,5151.0,390.43964620053913,0.42461329950685095,2.26587353452615,0.8973444372987419,0.80484375,859,417,1014,496,214.87480414677808
28,26,922.2232704402516,913.3878406708595,954.0,119.1543289325507,0.8443812647280637,1.4237251021602049,0.7117994279530673,0.9520958083832335,899,902,928,943,102.47028382786414
28,27,811.7342122049755,963.7080586859452,4703.0,267.86500705120545,0.8236692969876731,1.470913536669747,0.7333515544855348,0.9824524754543555,922,781,1016,848,61.67108598238858
28,28,731.9569214604676,964.8447596532703,3807.0,238.5512985522207,0.8406770099047179,1.2822839931854808,0.6259559145394658,0.978914888146053,936,690,998,771,79.78538843436728
28,29,861.3085427135678,1000.391959798995,995.0,121.39696961966999,0.8484324160194047,1.4957003420028876,0.7436374202263141,0.966958211856171,985,840,1015,884,61.67108598238858
29,1,853.6618075801749,15.577259475218659,1715.0,173.63961030678928,0.7147865689822509,1.8375050843997818,0.8389450209047769,0.9777651083238312,0,828,40,890,101.37469589317945
29,2,940.7255411255411,67.50735930735931,1155.0,124.81118318204308,0.9317187766914165,1.0598090005388137,0.3311838456431551,0.9755067567567568,48,923,88,960,101.37469589317945
29,3,991.2192307692308,170.4555944055944,2860.0,201.1370849898476,0.8883653147071938,1.1725040321691915,0.5221142855917279,0.9764424718333903,139,961,204,1022,114.66451850365368
29,4,689.6146134239592,426.20577740016995,5885.0,291.5218613006979,0.870189973292019,1.0403445724806129,0.27578275871529645,0.9821428571428571,385,648,471,736,106.44613329067187
29,5,583.2044094488189,423.4403149606299,3175.0,209.58073580374355,0.9083450882143013,1.1605239011704007,0.5074523887121545,0.9835811648079306,390,552,456,613,106.44613329067187
29,6,309.9254756871036,438.2526427061311,3784.0,239.27922061357856,0.8305217700715424,1.6518231343762528,0.7959276982700622,0.9846474108769191,398,280,481,345,102.99927044230444
29,7,412.7955625990491,433.0956154252509,1893.0,168.12489168102783,0.8415820093245304,1.592329102345876,0.7782045587399123,0.9798136645962733,414,384,453,446,86.92308072093935
29,8,771.3570333193921,498.2569357312143,7173.0,327.9066376115481,0.8383208718829492,1.574532473845699,0.7724223924436945,0.9858438702583837,439,732,557,811,96.74587972031279
29,9,429.1536065180925,518.4656122693506,4173.0,253.56349186104046,0.8156142425555403,1.7662915718600252,0.8242967824402142,0.9823446327683616,479,389,557,472,86.23140201326305
29,10,304.8162197514715,542.0946152169174,4587.0,341.445742854949,0.49441905426270183,3.674556617028547,0.9622571941212424,0.9518572317908279,486,257,604,358,79.45555018857506
29,11,225.39908431896222,544.5650515070583,2621.0,221.6223663640862,0.6705786304584611,1.305117783422441,0.6425850445204139,0.9056668970283345,513,198,576,270,79.45555018857506
29,12,981.764292558288,575.8741616097094,3131.0,223.27922061357856,0.7892167911445371,1.932232644581469,0.8556614190399903,0.9811971168912567,539,950,611,1018,224.2669135059768
29,13,714.8501272264631,576.7854961832061,3930.0,239.86500705120545,0.8583583261604015,1.4932270785090676,0.7426403060579632,0.9822544363909023,544,675,610,757,96.74587972031279
29,14,378.5280521532991,588.2718293164756,5062.0,267.1787155501902,0.8911037873635507,1.0676389886772841,0.35027688909948584,0.9834855255488634,549,338,628,423,86.23140201326305
29,15,538.1405218484754,591.1857906318768,3181.0,223.7228714274745,0.7986431363435154,1.6214045397185173,0.7871596968543209,0.9757668711656442,550,512,628,570,77.48654476646658
29,16,612.4355895196506,613.1950509461426,2748.0,224.99494936611666,0.6821518383307216,2.0315715448955767,0.8704653070370791,0.9274384070199122,574,590,660,637,77.48654476646658
29,17,565.8573115993386,681.4306638317978,4233.0,245.86500705120545,0.8799635617345598,1.298117438509843,0.6376257032086571,0.9846475924633635,644,531,720,606,82.61740034582803
29,18,710.4496314496314,691.2604422604422,1221.0,138.22539674441617,0.8030634082796289,1.4314129963314433,0.7155022814795512,0.9327731092436975,670,692,716,730,114.5594938993187
29,19,826.7073643410853,807.8313953488372,1032.0,119.39696961966999,0.9097099667565501,1.3332457308754382,0.6613819457325905,0.9754253308128544,788,810,828,844,58.16268546785915
29,20,238.64894360518252,892.2777270039245,18601.0,704.796031280393,0.470564604736525,2.189154293041901,0.889570756528843,0.7916666666666666,789,141,1003,323,227.96567196431292
29,21,883.9061583577712,818.3763440860215,1023.0,120.81118318204308,0.8807876618773294,1.1858136302827222,0.5374386691286873,0.96875,801,865,835,904,58.16268546785915
29,22,985.5479289940829,822.9609467455622,845.0,109.7401153701776,0.8817302651767057,1.4031034665832929,0.7014630574311652,0.9712643678160919,807,969,841,1003,101.74511349264128
29,23,466.5353400964577,898.289206718776,6013.0,444.0782104868018,0.3831617422887471,3.8287181177772753,0.9652890273161571,0.874236696714161,827,440,1007,505,227.96567196431292
29,24,736.3830699169569,860.4318242700241,3733.0,234.61017305526642,0.852264059237391,1.1044029880189112,0.42441756180602186,0.9762029288702929,827,704,895,770,104.52407993333149
29,25,922.7385740402194,913.6526508226691,1094.0,125.49747468305833,0.872885365559594,1.3560680210406708,0.6754277866159624,0.9664310954063604,898,902,929,944,102.88601038581587
29,26,815.4372331340735,956.0180553861169,8197.0,412.88939366884495,0.6042231288232567,1.1885722689800018,0.5404975952134301,0.8795064377682403,900,765,1023,883,65.43815227407774
29,27,719.4782117495158,963.9243060038734,6196.0,354.45079348883235,0.6197397709120812,1.785524816801161,0.8284524378996698,0.9131908621960206,929,649,1001,775,96.28417618649895
29,28,859.8369259606372,1004.0890346766636,1067.0,124.5685424949238,0.8640870915881574,1.4333462100798753,0.7164210711628302,0.9708826205641492,988,838,1020,882,65.43815227407774
